nw_kernel1_pim, 6557,  0.000000128,  0.000000096,  0.000000096,  0.000000096
nw_kernel1_pim, 6558,  0.000000128,  0.000000096,  0.000000096,  0.000000096
nw_kernel1_pim, 6559,  0.000000128,  0.000000096,  0.000000096,  0.000000096
nw_kernel1_pim, 6560,  0.000000128,  0.000000096,  0.000000096,  0.000000096
nw_kernel1_pim, 6561,  0.000000128,  0.000000096,  0.000000096,  0.000000096
nw_kernel1_pim, 6562,  0.000000128,  0.000000096,  0.000000096,  0.000000096
nw_kernel1_pim, 6563,  0.000000181,  0.000000136,  0.000000136,  0.000000136
nw_kernel1_pim, 6564,  0.000000128,  0.000000096,  0.000000096,  0.000000096
nw_kernel1_pim, 6565,  0.000000128,  0.000000096,  0.000000096,  0.000000096
nw_kernel1_pim, 6566,  0.000000181,  0.000000136,  0.000000136,  0.000000136
nw_kernel1_pim, 6567,  0.000000181,  0.000000136,  0.000000136,  0.000000136
nw_kernel1_pim, 6568,  0.000000128,  0.000000096,  0.000000096,  0.000000096
nw_kernel1_pim, 6569,  0.000000181,  0.000000136,  0.000000136,  0.000000136
nw_kernel1_pim, 6570,  0.000000181,  0.000000136,  0.000000136,  0.000000136
nw_kernel1_pim, 6571,  0.000000181,  0.000000136,  0.000000136,  0.000000136
nw_kernel1_pim, 6572,  0.000000234,  0.000000176,  0.000000176,  0.000000176
nw_kernel1_pim, 6573,  0.000000181,  0.000000136,  0.000000136,  0.000000136
nw_kernel1_pim, 6574,  0.000000181,  0.000000136,  0.000000136,  0.000000136
nw_kernel1_pim, 6575,  0.000000234,  0.000000176,  0.000000176,  0.000000176
nw_kernel1_pim, 6576,  0.000000234,  0.000000176,  0.000000176,  0.000000176
nw_kernel1_pim, 6577,  0.000000181,  0.000000136,  0.000000136,  0.000000136
nw_kernel1_pim, 6578,  0.000000234,  0.000000176,  0.000000176,  0.000000176
nw_kernel1_pim, 6579,  0.000000234,  0.000000176,  0.000000176,  0.000000176
nw_kernel1_pim, 6580,  0.000000234,  0.000000176,  0.000000176,  0.000000176
nw_kernel1_pim, 6581,  0.000000288,  0.000000216,  0.000000216,  0.000000216
nw_kernel1_pim, 6582,  0.000000234,  0.000000176,  0.000000176,  0.000000176
nw_kernel1_pim, 6583,  0.000000234,  0.000000176,  0.000000176,  0.000000176
nw_kernel1_pim, 6584,  0.000000288,  0.000000216,  0.000000216,  0.000000216
nw_kernel1_pim, 6585,  0.000000288,  0.000000216,  0.000000216,  0.000000216
nw_kernel1_pim, 6586,  0.000000234,  0.000000176,  0.000000176,  0.000000176
nw_kernel1_pim, 6587,  0.000000288,  0.000000216,  0.000000216,  0.000000216
nw_kernel1_pim, 6588,  0.000000288,  0.000000216,  0.000000216,  0.000000216
nw_kernel1_pim, 6589,  0.000000288,  0.000000216,  0.000000216,  0.000000216
nw_kernel1_pim, 6590,  0.000000341,  0.000000256,  0.000000256,  0.000000256
nw_kernel1_pim, 6591,  0.000000288,  0.000000216,  0.000000216,  0.000000216
nw_kernel1_pim, 6592,  0.000000288,  0.000000216,  0.000000216,  0.000000216
nw_kernel1_pim, 6593,  0.000000341,  0.000000256,  0.000000256,  0.000000256
nw_kernel1_pim, 6594,  0.000000341,  0.000000256,  0.000000256,  0.000000256
nw_kernel1_pim, 6595,  0.000000390,  0.000000293,  0.000000293,  0.000000293
nw_kernel1_pim, 6596,  0.000000341,  0.000000256,  0.000000256,  0.000000256
nw_kernel1_pim, 6597,  0.000000341,  0.000000256,  0.000000256,  0.000000256
nw_kernel1_pim, 6598,  0.000000341,  0.000000256,  0.000000256,  0.000000256
nw_kernel1_pim, 6599,  0.000000394,  0.000000296,  0.000000296,  0.000000296
nw_kernel1_pim, 6600,  0.000000341,  0.000000256,  0.000000256,  0.000000256
nw_kernel1_pim, 6601,  0.000000341,  0.000000256,  0.000000256,  0.000000256
nw_kernel1_pim, 6602,  0.000000394,  0.000000296,  0.000000296,  0.000000296
nw_kernel1_pim, 6603,  0.000000394,  0.000000296,  0.000000296,  0.000000296
nw_kernel1_pim, 6604,  0.000000341,  0.000000256,  0.000000256,  0.000000256
nw_kernel1_pim, 6605,  0.000000394,  0.000000296,  0.000000296,  0.000000296
nw_kernel1_pim, 6606,  0.000000394,  0.000000296,  0.000000296,  0.000000296
nw_kernel1_pim, 6607,  0.000000394,  0.000000296,  0.000000296,  0.000000296
nw_kernel1_pim, 6608,  0.000000448,  0.000000336,  0.000000336,  0.000000336
nw_kernel1_pim, 6609,  0.000000394,  0.000000296,  0.000000296,  0.000000296
nw_kernel1_pim, 6610,  0.000000394,  0.000000296,  0.000000296,  0.000000296
nw_kernel1_pim, 6611,  0.000000448,  0.000000336,  0.000000336,  0.000000336
nw_kernel1_pim, 6612,  0.000000448,  0.000000336,  0.000000336,  0.000000336
nw_kernel1_pim, 6613,  0.000000394,  0.000000296,  0.000000296,  0.000000296
nw_kernel1_pim, 6614,  0.000000448,  0.000000336,  0.000000336,  0.000000336
nw_kernel1_pim, 6615,  0.000000448,  0.000000336,  0.000000336,  0.000000336
nw_kernel1_pim, 6616,  0.000000448,  0.000000336,  0.000000336,  0.000000336
nw_kernel1_pim, 6617,  0.000000501,  0.000000376,  0.000000376,  0.000000376
nw_kernel1_pim, 6618,  0.000000448,  0.000000336,  0.000000336,  0.000000336
nw_kernel1_pim, 6619,  0.000000448,  0.000000336,  0.000000336,  0.000000336
nw_kernel1_pim, 6620,  0.000000501,  0.000000376,  0.000000376,  0.000000376
nw_kernel1_pim, 6621,  0.000000501,  0.000000376,  0.000000376,  0.000000376
nw_kernel1_pim, 6622,  0.000000448,  0.000000336,  0.000000336,  0.000000336
nw_kernel1_pim, 6623,  0.000000501,  0.000000376,  0.000000376,  0.000000376
nw_kernel1_pim, 6624,  0.000000501,  0.000000376,  0.000000376,  0.000000376
nw_kernel1_pim, 6625,  0.000000501,  0.000000376,  0.000000376,  0.000000376
nw_kernel1_pim, 6626,  0.000000554,  0.000000416,  0.000000416,  0.000000416
nw_kernel1_pim, 6627,  0.000000501,  0.000000376,  0.000000376,  0.000000376
nw_kernel1_pim, 6628,  0.000000501,  0.000000376,  0.000000376,  0.000000376
nw_kernel1_pim, 6629,  0.000000554,  0.000000416,  0.000000416,  0.000000416
nw_kernel1_pim, 6630,  0.000000554,  0.000000416,  0.000000416,  0.000000416
nw_kernel1_pim, 6631,  0.000000501,  0.000000376,  0.000000376,  0.000000376
nw_kernel1_pim, 6632,  0.000000554,  0.000000416,  0.000000416,  0.000000416
nw_kernel1_pim, 6633,  0.000000554,  0.000000416,  0.000000416,  0.000000416
nw_kernel1_pim, 6634,  0.000000554,  0.000000416,  0.000000416,  0.000000416
nw_kernel1_pim, 6635,  0.000000608,  0.000000456,  0.000000456,  0.000000456
nw_kernel1_pim, 6636,  0.000000554,  0.000000416,  0.000000416,  0.000000416
nw_kernel1_pim, 6637,  0.000000554,  0.000000416,  0.000000416,  0.000000416
nw_kernel1_pim, 6638,  0.000000608,  0.000000456,  0.000000456,  0.000000456
nw_kernel1_pim, 6639,  0.000000608,  0.000000456,  0.000000456,  0.000000456
nw_kernel1_pim, 6640,  0.000000554,  0.000000416,  0.000000416,  0.000000416
nw_kernel1_pim, 6641,  0.000000609,  0.000000457,  0.000000457,  0.000000457
nw_kernel1_pim, 6642,  0.000000608,  0.000000456,  0.000000456,  0.000000456
nw_kernel1_pim, 6643,  0.000000608,  0.000000456,  0.000000456,  0.000000456
nw_kernel1_pim, 6644,  0.000000661,  0.000000496,  0.000000496,  0.000000496
nw_kernel1_pim, 6645,  0.000000608,  0.000000456,  0.000000456,  0.000000456
nw_kernel1_pim, 6646,  0.000000608,  0.000000456,  0.000000456,  0.000000456
nw_kernel1_pim, 6647,  0.000000661,  0.000000496,  0.000000496,  0.000000496
nw_kernel1_pim, 6648,  0.000000661,  0.000000496,  0.000000496,  0.000000496
nw_kernel1_pim, 6649,  0.000000608,  0.000000456,  0.000000456,  0.000000456
nw_kernel1_pim, 6650,  0.000000661,  0.000000496,  0.000000496,  0.000000496
nw_kernel1_pim, 6651,  0.000000662,  0.000000497,  0.000000497,  0.000000497
nw_kernel1_pim, 6652,  0.000000661,  0.000000496,  0.000000496,  0.000000496
nw_kernel1_pim, 6653,  0.000000715,  0.000000536,  0.000000536,  0.000000536
nw_kernel1_pim, 6654,  0.000000661,  0.000000496,  0.000000496,  0.000000496
nw_kernel1_pim, 6655,  0.000000661,  0.000000496,  0.000000496,  0.000000496
nw_kernel1_pim, 6656,  0.000000714,  0.000000536,  0.000000536,  0.000000536
nw_kernel1_pim, 6657,  0.000000714,  0.000000536,  0.000000536,  0.000000536
nw_kernel1_pim, 6658,  0.000000661,  0.000000496,  0.000000496,  0.000000496
nw_kernel1_pim, 6659,  0.000000714,  0.000000536,  0.000000536,  0.000000536
nw_kernel1_pim, 6660,  0.000000714,  0.000000536,  0.000000536,  0.000000536
nw_kernel1_pim, 6661,  0.000000714,  0.000000536,  0.000000536,  0.000000536
nw_kernel1_pim, 6662,  0.000000769,  0.000000577,  0.000000577,  0.000000577
nw_kernel1_pim, 6663,  0.000001021,  0.000000766,  0.000000766,  0.000000766
nw_kernel1_pim, 6664,  0.000000715,  0.000000536,  0.000000536,  0.000000536
nw_kernel1_pim, 6665,  0.000000768,  0.000000576,  0.000000576,  0.000000576
nw_kernel1_pim, 6666,  0.000000769,  0.000000577,  0.000000577,  0.000000577
nw_kernel1_pim, 6668,  0.000000716,  0.000000537,  0.000000537,  0.000000537
nw_kernel1_pim, 6669,  0.000000768,  0.000000576,  0.000000576,  0.000000576
nw_kernel1_pim, 6670,  0.000000768,  0.000000576,  0.000000576,  0.000000576
nw_kernel1_pim, 6671,  0.000000768,  0.000000576,  0.000000576,  0.000000576
nw_kernel1_pim, 6672,  0.000000821,  0.000000616,  0.000000616,  0.000000616
nw_kernel1_pim, 6673,  0.000000768,  0.000000576,  0.000000576,  0.000000576
nw_kernel1_pim, 6674,  0.000000768,  0.000000576,  0.000000576,  0.000000576
nw_kernel1_pim, 6675,  0.000000825,  0.000000618,  0.000000618,  0.000000618
nw_kernel1_pim, 6676,  0.000000822,  0.000000616,  0.000000616,  0.000000616
nw_kernel1_pim, 6677,  0.000000772,  0.000000579,  0.000000579,  0.000000579
nw_kernel1_pim, 6678,  0.000000823,  0.000000617,  0.000000617,  0.000000617
nw_kernel1_pim, 6679,  0.000000823,  0.000000617,  0.000000617,  0.000000617
nw_kernel1_pim, 6680,  0.000000823,  0.000000617,  0.000000617,  0.000000617
nw_kernel1_pim, 6681,  0.000000877,  0.000000657,  0.000000657,  0.000000657
nw_kernel1_pim, 6682,  0.000000821,  0.000000616,  0.000000616,  0.000000616
nw_kernel1_pim, 6683,  0.000000822,  0.000000617,  0.000000617,  0.000000617
nw_kernel1_pim, 6684,  0.000000874,  0.000000656,  0.000000656,  0.000000656
nw_kernel1_pim, 6685,  0.000000874,  0.000000656,  0.000000656,  0.000000656
nw_kernel1_pim, 6686,  0.000000821,  0.000000616,  0.000000616,  0.000000616
nw_kernel1_pim, 6687,  0.000000877,  0.000000657,  0.000000657,  0.000000657
nw_kernel1_pim, 6688,  0.000000883,  0.000000662,  0.000000662,  0.000000662
nw_kernel1_pim, 6689,  0.000000878,  0.000000658,  0.000000658,  0.000000658
nw_kernel1_pim, 6690,  0.000000932,  0.000000699,  0.000000699,  0.000000699
nw_kernel1_pim, 6691,  0.000000874,  0.000000656,  0.000000656,  0.000000656
nw_kernel1_pim, 6692,  0.000000877,  0.000000657,  0.000000657,  0.000000657
nw_kernel1_pim, 6693,  0.000000928,  0.000000696,  0.000000696,  0.000000696
nw_kernel1_pim, 6694,  0.000000928,  0.000000696,  0.000000696,  0.000000696
nw_kernel1_pim, 6695,  0.000000876,  0.000000657,  0.000000657,  0.000000657
nw_kernel1_pim, 6696,  0.000000928,  0.000000696,  0.000000696,  0.000000696
nw_kernel1_pim, 6697,  0.000000928,  0.000000696,  0.000000696,  0.000000696
nw_kernel1_pim, 6698,  0.000000928,  0.000000696,  0.000000696,  0.000000696
nw_kernel1_pim, 6699,  0.000000984,  0.000000738,  0.000000738,  0.000000738
nw_kernel1_pim, 6700,  0.000000928,  0.000000696,  0.000000696,  0.000000696
nw_kernel1_pim, 6701,  0.000000928,  0.000000696,  0.000000696,  0.000000696
nw_kernel1_pim, 6702,  0.000000983,  0.000000737,  0.000000737,  0.000000737
nw_kernel1_pim, 6703,  0.000001416,  0.000001062,  0.000001062,  0.000001062
nw_kernel1_pim, 6704,  0.000000929,  0.000000697,  0.000000697,  0.000000697
nw_kernel1_pim, 6705,  0.000000989,  0.000000742,  0.000000742,  0.000000742
nw_kernel1_pim, 6706,  0.000000983,  0.000000737,  0.000000737,  0.000000737
nw_kernel1_pim, 6707,  0.000000988,  0.000000741,  0.000000741,  0.000000741
nw_kernel1_pim, 6708,  0.000001034,  0.000000776,  0.000000776,  0.000000776
nw_kernel1_pim, 6709,  0.000000981,  0.000000736,  0.000000736,  0.000000736
nw_kernel1_pim, 6710,  0.000000981,  0.000000736,  0.000000736,  0.000000736
nw_kernel1_pim, 6711,  0.000001041,  0.000000780,  0.000000780,  0.000000780
nw_kernel1_pim, 6712,  0.000001043,  0.000000783,  0.000000783,  0.000000783
nw_kernel1_pim, 6713,  0.000000986,  0.000000740,  0.000000740,  0.000000740
nw_kernel1_pim, 6714,  0.000001046,  0.000000785,  0.000000785,  0.000000785
nw_kernel1_pim, 6715,  0.000001042,  0.000000781,  0.000000781,  0.000000781
nw_kernel1_pim, 6716,  0.000001037,  0.000000778,  0.000000778,  0.000000778
nw_kernel1_pim, 6717,  0.000001102,  0.000000827,  0.000000827,  0.000000827
nw_kernel1_pim, 6718,  0.000001041,  0.000000780,  0.000000780,  0.000000780
nw_kernel1_pim, 6719,  0.000001042,  0.000000781,  0.000000781,  0.000000781
nw_kernel1_pim, 6720,  0.000001088,  0.000000816,  0.000000816,  0.000000816
nw_kernel1_pim, 6721,  0.000001088,  0.000000816,  0.000000816,  0.000000816
nw_kernel1_pim, 6722,  0.000001034,  0.000000776,  0.000000776,  0.000000776
nw_kernel1_pim, 6723,  0.000001105,  0.000000829,  0.000000829,  0.000000829
nw_kernel1_pim, 6724,  0.000001097,  0.000000823,  0.000000823,  0.000000823
nw_kernel1_pim, 6725,  0.000001095,  0.000000821,  0.000000821,  0.000000821
nw_kernel1_pim, 6726,  0.000001150,  0.000000862,  0.000000862,  0.000000862
nw_kernel1_pim, 6727,  0.000001102,  0.000000826,  0.000000826,  0.000000826
nw_kernel1_pim, 6728,  0.000001094,  0.000000820,  0.000000820,  0.000000820
nw_kernel1_pim, 6729,  0.000001153,  0.000000865,  0.000000865,  0.000000865
nw_kernel1_pim, 6730,  0.000001156,  0.000000867,  0.000000867,  0.000000867
nw_kernel1_pim, 6731,  0.000001098,  0.000000824,  0.000000824,  0.000000824
nw_kernel1_pim, 6732,  0.000001141,  0.000000856,  0.000000856,  0.000000856
nw_kernel1_pim, 6733,  0.000001141,  0.000000856,  0.000000856,  0.000000856
nw_kernel1_pim, 6734,  0.000001143,  0.000000857,  0.000000857,  0.000000857
nw_kernel1_pim, 6742,  0.000001213,  0.000000910,  0.000000910,  0.000000910
nw_kernel1_pim, 6743,  0.000001154,  0.000000866,  0.000000866,  0.000000866
nw_kernel1_pim, 6744,  0.000001153,  0.000000865,  0.000000865,  0.000000865
nw_kernel1_pim, 6745,  0.000001213,  0.000000910,  0.000000910,  0.000000910
nw_kernel1_pim, 6746,  0.000001216,  0.000000912,  0.000000912,  0.000000912
nw_kernel1_pim, 6747,  0.000001155,  0.000000866,  0.000000866,  0.000000866
nw_kernel1_pim, 6748,  0.000001213,  0.000000910,  0.000000910,  0.000000910
nw_kernel1_pim, 6749,  0.000001731,  0.000001298,  0.000001298,  0.000001298
nw_kernel1_pim, 6750,  0.000001212,  0.000000909,  0.000000909,  0.000000909
nw_kernel1_pim, 6751,  0.000001248,  0.000000936,  0.000000936,  0.000000936
nw_kernel1_pim, 6752,  0.000001195,  0.000000896,  0.000000896,  0.000000896
nw_kernel1_pim, 6753,  0.000001194,  0.000000896,  0.000000896,  0.000000896
nw_kernel1_pim, 6754,  0.000001279,  0.000000959,  0.000000959,  0.000000959
nw_kernel1_pim, 6755,  0.000001271,  0.000000953,  0.000000953,  0.000000953
nw_kernel1_pim, 6756,  0.000001206,  0.000000905,  0.000000905,  0.000000905
nw_kernel1_pim, 6757,  0.000001278,  0.000000958,  0.000000958,  0.000000958
nw_kernel1_pim, 6758,  0.000001267,  0.000000950,  0.000000950,  0.000000950
nw_kernel1_pim, 6759,  0.000001268,  0.000000951,  0.000000951,  0.000000951
nw_kernel1_pim, 6760,  0.000001321,  0.000000990,  0.000000990,  0.000000990
nw_kernel1_pim, 6761,  0.000001260,  0.000000945,  0.000000945,  0.000000945
nw_kernel1_pim, 6762,  0.000001257,  0.000000943,  0.000000943,  0.000000943
nw_kernel1_pim, 6763,  0.000001302,  0.000000977,  0.000000977,  0.000000977
nw_kernel1_pim, 6764,  0.000001302,  0.000000976,  0.000000976,  0.000000976
nw_kernel1_pim, 6765,  0.000001248,  0.000000936,  0.000000936,  0.000000936
nw_kernel1_pim, 6766,  0.000001331,  0.000000998,  0.000000998,  0.000000998
nw_kernel1_pim, 6767,  0.000001329,  0.000000997,  0.000000997,  0.000000997
nw_kernel1_pim, 6768,  0.000001335,  0.000001001,  0.000001001,  0.000001001
nw_kernel1_pim, 6769,  0.000001389,  0.000001042,  0.000001042,  0.000001042
nw_kernel1_pim, 6770,  0.000001324,  0.000000993,  0.000000993,  0.000000993
nw_kernel1_pim, 6771,  0.000001332,  0.000000999,  0.000000999,  0.000000999
nw_kernel1_pim, 6772,  0.000001380,  0.000001035,  0.000001035,  0.000001035
nw_kernel1_pim, 6773,  0.000001384,  0.000001038,  0.000001038,  0.000001038
nw_kernel1_pim, 6774,  0.000001326,  0.000000995,  0.000000995,  0.000000995
nw_kernel1_pim, 6775,  0.000001357,  0.000001018,  0.000001018,  0.000001018
nw_kernel1_pim, 6776,  0.000001358,  0.000001018,  0.000001018,  0.000001018
nw_kernel1_pim, 6777,  0.000001355,  0.000001016,  0.000001016,  0.000001016
nw_kernel1_pim, 6778,  0.000001448,  0.000001086,  0.000001086,  0.000001086
nw_kernel1_pim, 6779,  0.000001392,  0.000001044,  0.000001044,  0.000001044
nw_kernel1_pim, 6780,  0.000001387,  0.000001040,  0.000001040,  0.000001040
nw_kernel1_pim, 6781,  0.000001448,  0.000001086,  0.000001086,  0.000001086
nw_kernel1_pim, 6782,  0.000001447,  0.000001085,  0.000001085,  0.000001085
nw_kernel1_pim, 6783,  0.000001380,  0.000001035,  0.000001035,  0.000001035
nw_kernel1_pim, 6784,  0.000001442,  0.000001081,  0.000001081,  0.000001081
nw_kernel1_pim, 6785,  0.000001444,  0.000001083,  0.000001083,  0.000001083
nw_kernel1_pim, 6786,  0.000001441,  0.000001080,  0.000001080,  0.000001080
nw_kernel1_pim, 6787,  0.000001465,  0.000001098,  0.000001098,  0.000001098
nw_kernel1_pim, 6788,  0.000001412,  0.000001059,  0.000001059,  0.000001059
nw_kernel1_pim, 6789,  0.000001411,  0.000001058,  0.000001058,  0.000001058
nw_kernel1_pim, 6790,  0.000001512,  0.000001134,  0.000001134,  0.000001134
nw_kernel1_pim, 6791,  0.000001519,  0.000001139,  0.000001139,  0.000001139
nw_kernel1_pim, 6792,  0.000001451,  0.000001088,  0.000001088,  0.000001088
nw_kernel1_pim, 6793,  0.000001514,  0.000001136,  0.000001136,  0.000001136
nw_kernel1_pim, 6794,  0.000001508,  0.000001131,  0.000001131,  0.000001131
nw_kernel1_pim, 6795,  0.000001502,  0.000001127,  0.000001127,  0.000001127
nw_kernel1_pim, 6796,  0.000001564,  0.000001173,  0.000001173,  0.000001173
nw_kernel1_pim, 6797,  0.000001497,  0.000001123,  0.000001123,  0.000001123
nw_kernel1_pim, 6798,  0.000001505,  0.000001128,  0.000001128,  0.000001128
nw_kernel1_pim, 6799,  0.000001519,  0.000001140,  0.000001140,  0.000001140
nw_kernel1_pim, 6800,  0.000001517,  0.000001137,  0.000001137,  0.000001137
nw_kernel1_pim, 6801,  0.000001463,  0.000001097,  0.000001097,  0.000001097
nw_kernel1_pim, 6802,  0.000001570,  0.000001177,  0.000001177,  0.000001177
nw_kernel1_pim, 6803,  0.000001562,  0.000001171,  0.000001171,  0.000001171
nw_kernel1_pim, 6804,  0.000001565,  0.000001174,  0.000001174,  0.000001174
nw_kernel1_pim, 6805,  0.000001629,  0.000001222,  0.000001222,  0.000001222
nw_kernel1_pim, 6806,  0.000001564,  0.000001173,  0.000001173,  0.000001173
nw_kernel1_pim, 6807,  0.000001563,  0.000001172,  0.000001172,  0.000001172
nw_kernel1_pim, 6808,  0.000001627,  0.000001220,  0.000001220,  0.000001220
nw_kernel1_pim, 6809,  0.000001627,  0.000001220,  0.000001220,  0.000001220
nw_kernel1_pim, 6810,  0.000001559,  0.000001169,  0.000001169,  0.000001169
nw_kernel1_pim, 6811,  0.000001573,  0.000001180,  0.000001180,  0.000001180
nw_kernel1_pim, 6812,  0.000001573,  0.000001180,  0.000001180,  0.000001180
nw_kernel1_pim, 6813,  0.000001571,  0.000001178,  0.000001178,  0.000001178
nw_kernel1_pim, 6814,  0.000001692,  0.000001269,  0.000001269,  0.000001269
nw_kernel1_pim, 6815,  0.000001643,  0.000001232,  0.000001232,  0.000001232
nw_kernel1_pim, 6816,  0.000001636,  0.000001227,  0.000001227,  0.000001227
nw_kernel1_pim, 6817,  0.000002362,  0.000001772,  0.000001772,  0.000001772
nw_kernel1_pim, 6818,  0.000001710,  0.000001282,  0.000001282,  0.000001282
nw_kernel1_pim, 6819,  0.000001621,  0.000001216,  0.000001216,  0.000001216
nw_kernel1_pim, 6820,  0.000001690,  0.000001268,  0.000001268,  0.000001268
nw_kernel1_pim, 6821,  0.000001692,  0.000001269,  0.000001269,  0.000001269
nw_kernel1_pim, 6822,  0.000001697,  0.000001273,  0.000001273,  0.000001273
nw_kernel1_pim, 6823,  0.000001677,  0.000001258,  0.000001258,  0.000001258
nw_kernel1_pim, 6824,  0.000001626,  0.000001220,  0.000001220,  0.000001220
nw_kernel1_pim, 6825,  0.000001626,  0.000001219,  0.000001219,  0.000001219
nw_kernel1_pim, 6826,  0.000001756,  0.000001317,  0.000001317,  0.000001317
nw_kernel1_pim, 6827,  0.000001766,  0.000001324,  0.000001324,  0.000001324
nw_kernel1_pim, 6828,  0.000001689,  0.000001267,  0.000001267,  0.000001267
nw_kernel1_pim, 6829,  0.000001749,  0.000001312,  0.000001312,  0.000001312
nw_kernel1_pim, 6830,  0.000001758,  0.000001319,  0.000001319,  0.000001319
nw_kernel1_pim, 6831,  0.000001776,  0.000001332,  0.000001332,  0.000001332
nw_kernel1_pim, 6832,  0.000001809,  0.000001357,  0.000001357,  0.000001357
nw_kernel1_pim, 6833,  0.000001754,  0.000001315,  0.000001315,  0.000001315
nw_kernel1_pim, 6834,  0.000001756,  0.000001317,  0.000001317,  0.000001317
nw_kernel1_pim, 6835,  0.000001746,  0.000001310,  0.000001310,  0.000001310
nw_kernel1_pim, 6836,  0.000001735,  0.000001301,  0.000001301,  0.000001301
nw_kernel1_pim, 6837,  0.000001678,  0.000001259,  0.000001259,  0.000001259
nw_kernel1_pim, 6838,  0.000001822,  0.000001367,  0.000001367,  0.000001367
nw_kernel1_pim, 6839,  0.000001811,  0.000001358,  0.000001358,  0.000001358
nw_kernel1_pim, 6840,  0.000001812,  0.000001359,  0.000001359,  0.000001359
nw_kernel1_pim, 6841,  0.000001897,  0.000001423,  0.000001423,  0.000001423
nw_kernel1_pim, 6842,  0.000001823,  0.000001368,  0.000001368,  0.000001368
nw_kernel1_pim, 6843,  0.000001811,  0.000001358,  0.000001358,  0.000001358
nw_kernel1_pim, 6844,  0.000001867,  0.000001400,  0.000001400,  0.000001400
nw_kernel1_pim, 6845,  0.000001875,  0.000001406,  0.000001406,  0.000001406
nw_kernel1_pim, 6846,  0.000001811,  0.000001358,  0.000001358,  0.000001358
nw_kernel1_pim, 6847,  0.000001787,  0.000001340,  0.000001340,  0.000001340
nw_kernel1_pim, 6848,  0.000001783,  0.000001337,  0.000001337,  0.000001337
nw_kernel1_pim, 6849,  0.000001787,  0.000001340,  0.000001340,  0.000001340
nw_kernel1_pim, 6850,  0.000001959,  0.000001469,  0.000001469,  0.000001469
nw_kernel1_pim, 6851,  0.000001880,  0.000001410,  0.000001410,  0.000001410
nw_kernel1_pim, 6852,  0.000001883,  0.000001412,  0.000001412,  0.000001412
nw_kernel1_pim, 6853,  0.000001958,  0.000001468,  0.000001468,  0.000001468
nw_kernel1_pim, 6854,  0.000001952,  0.000001464,  0.000001464,  0.000001464
nw_kernel1_pim, 6855,  0.000001893,  0.000001420,  0.000001420,  0.000001420
nw_kernel1_pim, 6856,  0.000002678,  0.000002008,  0.000002008,  0.000002008
nw_kernel1_pim, 6857,  0.000001938,  0.000001454,  0.000001454,  0.000001454
nw_kernel1_pim, 6858,  0.000001953,  0.000001465,  0.000001465,  0.000001465
nw_kernel1_pim, 6859,  0.000001900,  0.000001425,  0.000001425,  0.000001425
nw_kernel1_pim, 6860,  0.000001844,  0.000001383,  0.000001383,  0.000001383
nw_kernel1_pim, 6861,  0.000001855,  0.000001391,  0.000001391,  0.000001391
nw_kernel1_pim, 6862,  0.000002032,  0.000001524,  0.000001524,  0.000001524
nw_kernel1_pim, 6863,  0.000002027,  0.000001520,  0.000001520,  0.000001520
nw_kernel1_pim, 6864,  0.000001973,  0.000001480,  0.000001480,  0.000001480
nw_kernel1_pim, 6865,  0.000002021,  0.000001515,  0.000001515,  0.000001515
nw_kernel1_pim, 6866,  0.000002032,  0.000001524,  0.000001524,  0.000001524
nw_kernel1_pim, 6867,  0.000002016,  0.000001512,  0.000001512,  0.000001512
nw_kernel1_pim, 6868,  0.000002074,  0.000001556,  0.000001556,  0.000001556
nw_kernel1_pim, 6869,  0.000002016,  0.000001512,  0.000001512,  0.000001512
nw_kernel1_pim, 6870,  0.000002020,  0.000001515,  0.000001515,  0.000001515
nw_kernel1_pim, 6871,  0.000001955,  0.000001466,  0.000001466,  0.000001466
nw_kernel1_pim, 6872,  0.000001959,  0.000001470,  0.000001470,  0.000001470
nw_kernel1_pim, 6873,  0.000001895,  0.000001421,  0.000001421,  0.000001421
nw_kernel1_pim, 6874,  0.000002086,  0.000001565,  0.000001565,  0.000001565
nw_kernel1_pim, 6875,  0.000002085,  0.000001564,  0.000001564,  0.000001564
nw_kernel1_pim, 6876,  0.000002100,  0.000001575,  0.000001575,  0.000001575
nw_kernel1_pim, 6877,  0.000002159,  0.000001620,  0.000001620,  0.000001620
nw_kernel1_pim, 6878,  0.000002086,  0.000001564,  0.000001564,  0.000001564
nw_kernel1_pim, 6879,  0.000002096,  0.000001572,  0.000001572,  0.000001572
nw_kernel1_pim, 6880,  0.000002155,  0.000001616,  0.000001616,  0.000001616
nw_kernel1_pim, 6881,  0.000002149,  0.000001612,  0.000001612,  0.000001612
nw_kernel1_pim, 6882,  0.000002073,  0.000001555,  0.000001555,  0.000001555
nw_kernel1_pim, 6883,  0.000002011,  0.000001508,  0.000001508,  0.000001508
nw_kernel1_pim, 6884,  0.000002017,  0.000001513,  0.000001513,  0.000001513
nw_kernel1_pim, 6885,  0.000002008,  0.000001506,  0.000001506,  0.000001506
nw_kernel1_pim, 6886,  0.000002238,  0.000001678,  0.000001678,  0.000001678
nw_kernel1_pim, 6887,  0.000002159,  0.000001619,  0.000001619,  0.000001619
nw_kernel1_pim, 6888,  0.000002158,  0.000001619,  0.000001619,  0.000001619
nw_kernel1_pim, 6889,  0.000002229,  0.000001672,  0.000001672,  0.000001672
nw_kernel1_pim, 6890,  0.000002233,  0.000001675,  0.000001675,  0.000001675
nw_kernel1_pim, 6891,  0.000002163,  0.000001622,  0.000001622,  0.000001622
nw_kernel1_pim, 6892,  0.000002211,  0.000001658,  0.000001658,  0.000001658
nw_kernel1_pim, 6893,  0.000002223,  0.000001668,  0.000001668,  0.000001668
nw_kernel1_pim, 6894,  0.000002208,  0.000001656,  0.000001656,  0.000001656
nw_kernel1_pim, 6895,  0.000003072,  0.000002304,  0.000002304,  0.000002304
nw_kernel1_pim, 6896,  0.000002062,  0.000001547,  0.000001547,  0.000001547
nw_kernel1_pim, 6897,  0.000002067,  0.000001550,  0.000001550,  0.000001550
nw_kernel1_pim, 6898,  0.000002310,  0.000001732,  0.000001732,  0.000001732
nw_kernel1_pim, 6899,  0.000033409,  0.000025057,  0.000025057,  0.000025057
nw_kernel1_pim, 6900,  0.000002223,  0.000001667,  0.000001667,  0.000001667
nw_kernel1_pim, 6901,  0.000002291,  0.000001718,  0.000001718,  0.000001718
nw_kernel1_pim, 6902,  0.000002293,  0.000001720,  0.000001720,  0.000001720
nw_kernel1_pim, 6903,  0.000002308,  0.000001731,  0.000001731,  0.000001731
nw_kernel1_pim, 6904,  0.000002336,  0.000001752,  0.000001752,  0.000001752
nw_kernel1_pim, 6905,  0.000002274,  0.000001706,  0.000001706,  0.000001706
nw_kernel1_pim, 6906,  0.000002280,  0.000001710,  0.000001710,  0.000001710
nw_kernel1_pim, 6907,  0.000002182,  0.000001636,  0.000001636,  0.000001636
nw_kernel1_pim, 6908,  0.000002188,  0.000001641,  0.000001641,  0.000001641
nw_kernel1_pim, 6909,  0.000002117,  0.000001588,  0.000001588,  0.000001588
nw_kernel1_pim, 6910,  0.000002366,  0.000001774,  0.000001774,  0.000001774
nw_kernel1_pim, 6911,  0.000002363,  0.000001773,  0.000001773,  0.000001773
nw_kernel1_pim, 6912,  0.000002366,  0.000001775,  0.000001775,  0.000001775
nw_kernel1_pim, 6913,  0.000002444,  0.000001833,  0.000001833,  0.000001833
nw_kernel1_pim, 6914,  0.000002376,  0.000001782,  0.000001782,  0.000001782
nw_kernel1_pim, 6915,  0.000002377,  0.000001783,  0.000001783,  0.000001783
nw_kernel1_pim, 6916,  0.000002412,  0.000001809,  0.000001809,  0.000001809
nw_kernel1_pim, 6917,  0.000002420,  0.000001815,  0.000001815,  0.000001815
nw_kernel1_pim, 6918,  0.000002355,  0.000001766,  0.000001766,  0.000001766
nw_kernel1_pim, 6919,  0.000002225,  0.000001668,  0.000001668,  0.000001668
nw_kernel1_pim, 6920,  0.000002224,  0.000001668,  0.000001668,  0.000001668
nw_kernel1_pim, 6921,  0.000002226,  0.000001669,  0.000001669,  0.000001669
nw_kernel1_pim, 6922,  0.000002498,  0.000001873,  0.000001873,  0.000001873
nw_kernel1_pim, 6923,  0.000002432,  0.000001824,  0.000001824,  0.000001824
nw_kernel1_pim, 6924,  0.000002431,  0.000001823,  0.000001823,  0.000001823
nw_kernel1_pim, 6925,  0.000002517,  0.000001888,  0.000001888,  0.000001888
nw_kernel1_pim, 6926,  0.000002517,  0.000001888,  0.000001888,  0.000001888
nw_kernel1_pim, 6927,  0.000002447,  0.000001835,  0.000001835,  0.000001835
nw_kernel1_pim, 6928,  0.000002494,  0.000001871,  0.000001871,  0.000001871
nw_kernel1_pim, 6929,  0.000002500,  0.000001875,  0.000001875,  0.000001875
nw_kernel1_pim, 6930,  0.000002503,  0.000001877,  0.000001877,  0.000001877
nw_kernel1_pim, 6931,  0.000002367,  0.000001775,  0.000001775,  0.000001775
nw_kernel1_pim, 6932,  0.000002300,  0.000001725,  0.000001725,  0.000001725
nw_kernel1_pim, 6933,  0.000002303,  0.000001727,  0.000001727,  0.000001727
nw_kernel1_pim, 6934,  0.000003388,  0.000002541,  0.000002541,  0.000002541
nw_kernel1_pim, 6935,  0.000002579,  0.000001934,  0.000001934,  0.000001934
nw_kernel1_pim, 6936,  0.000002516,  0.000001887,  0.000001887,  0.000001887
nw_kernel1_pim, 6937,  0.000002577,  0.000001933,  0.000001933,  0.000001933
nw_kernel1_pim, 6938,  0.000002572,  0.000001929,  0.000001929,  0.000001929
nw_kernel1_pim, 6939,  0.000002571,  0.000001928,  0.000001928,  0.000001928
nw_kernel1_pim, 6940,  0.000002627,  0.000001970,  0.000001970,  0.000001970
nw_kernel1_pim, 6941,  0.000002558,  0.000001919,  0.000001919,  0.000001919
nw_kernel1_pim, 6942,  0.000002569,  0.000001927,  0.000001927,  0.000001927
nw_kernel1_pim, 6943,  0.000002410,  0.000001808,  0.000001808,  0.000001808
nw_kernel1_pim, 6944,  0.000002407,  0.000001805,  0.000001805,  0.000001805
nw_kernel1_pim, 6945,  0.000002352,  0.000001764,  0.000001764,  0.000001764
nw_kernel2_pim, 6946,  0.000002647,  0.000001985,  0.000001985,  0.000001985
nw_kernel2_pim, 6947,  0.000002580,  0.000001935,  0.000001935,  0.000001935
nw_kernel2_pim, 6948,  0.000002580,  0.000001935,  0.000001935,  0.000001935
nw_kernel2_pim, 6949,  0.000002572,  0.000001929,  0.000001929,  0.000001929
nw_kernel2_pim, 6950,  0.000002578,  0.000001933,  0.000001933,  0.000001933
nw_kernel2_pim, 6951,  0.000002573,  0.000001930,  0.000001930,  0.000001930
nw_kernel2_pim, 6952,  0.000002559,  0.000001919,  0.000001919,  0.000001919
nw_kernel2_pim, 6953,  0.000002563,  0.000001922,  0.000001922,  0.000001922
nw_kernel2_pim, 6954,  0.000002482,  0.000001862,  0.000001862,  0.000001862
nw_kernel2_pim, 6955,  0.000002354,  0.000001765,  0.000001765,  0.000001765
nw_kernel2_pim, 6956,  0.000002307,  0.000001730,  0.000001730,  0.000001730
nw_kernel2_pim, 6957,  0.000002302,  0.000001726,  0.000001726,  0.000001726
nw_kernel2_pim, 6958,  0.000002500,  0.000001875,  0.000001875,  0.000001875
nw_kernel2_pim, 6959,  0.000002517,  0.000001887,  0.000001887,  0.000001887
nw_kernel2_pim, 6960,  0.000002510,  0.000001883,  0.000001883,  0.000001883
nw_kernel2_pim, 6961,  0.000002508,  0.000001881,  0.000001881,  0.000001881
nw_kernel2_pim, 6962,  0.000002505,  0.000001879,  0.000001879,  0.000001879
nw_kernel2_pim, 6963,  0.000002439,  0.000001829,  0.000001829,  0.000001829
nw_kernel2_pim, 6964,  0.000002488,  0.000001866,  0.000001866,  0.000001866
nw_kernel2_pim, 6965,  0.000002420,  0.000001815,  0.000001815,  0.000001815
nw_kernel2_pim, 6966,  0.000002428,  0.000001821,  0.000001821,  0.000001821
nw_kernel2_pim, 6967,  0.000002237,  0.000001677,  0.000001677,  0.000001677
nw_kernel2_pim, 6968,  0.000002227,  0.000001670,  0.000001670,  0.000001670
nw_kernel2_pim, 6969,  0.000002234,  0.000001676,  0.000001676,  0.000001676
nw_kernel2_pim, 6970,  0.000002442,  0.000001831,  0.000001831,  0.000001831
nw_kernel2_pim, 6971,  0.000002436,  0.000001827,  0.000001827,  0.000001827
nw_kernel2_pim, 6972,  0.000003153,  0.000002365,  0.000002365,  0.000002365
nw_kernel2_pim, 6973,  0.000002432,  0.000001824,  0.000001824,  0.000001824
nw_kernel2_pim, 6974,  0.000002376,  0.000001782,  0.000001782,  0.000001782
nw_kernel2_pim, 6975,  0.000002358,  0.000001768,  0.000001768,  0.000001768
nw_kernel2_pim, 6976,  0.000002352,  0.000001764,  0.000001764,  0.000001764
nw_kernel2_pim, 6977,  0.000002338,  0.000001753,  0.000001753,  0.000001753
nw_kernel2_pim, 6978,  0.000002353,  0.000001765,  0.000001765,  0.000001765
nw_kernel2_pim, 6979,  0.000002182,  0.000001637,  0.000001637,  0.000001637
nw_kernel2_pim, 6980,  0.000002185,  0.000001639,  0.000001639,  0.000001639
nw_kernel2_pim, 6981,  0.000002142,  0.000001607,  0.000001607,  0.000001607
nw_kernel2_pim, 6982,  0.000002367,  0.000001775,  0.000001775,  0.000001775
nw_kernel2_pim, 6983,  0.000002295,  0.000001721,  0.000001721,  0.000001721
nw_kernel2_pim, 6984,  0.000002290,  0.000001717,  0.000001717,  0.000001717
nw_kernel2_pim, 6985,  0.000002298,  0.000001723,  0.000001723,  0.000001723
nw_kernel2_pim, 6986,  0.000002293,  0.000001720,  0.000001720,  0.000001720
nw_kernel2_pim, 6987,  0.000002309,  0.000001732,  0.000001732,  0.000001732
nw_kernel2_pim, 6988,  0.000002280,  0.000001710,  0.000001710,  0.000001710
nw_kernel2_pim, 6989,  0.000002284,  0.000001713,  0.000001713,  0.000001713
nw_kernel2_pim, 6990,  0.000002214,  0.000001660,  0.000001660,  0.000001660
nw_kernel2_pim, 6991,  0.000002124,  0.000001593,  0.000001593,  0.000001593
nw_kernel2_pim, 6992,  0.000002063,  0.000001547,  0.000001547,  0.000001547
nw_kernel2_pim, 6993,  0.000002062,  0.000001547,  0.000001547,  0.000001547
nw_kernel2_pim, 6994,  0.000002228,  0.000001671,  0.000001671,  0.000001671
nw_kernel2_pim, 6995,  0.000002229,  0.000001672,  0.000001672,  0.000001672
nw_kernel2_pim, 6996,  0.000002218,  0.000001663,  0.000001663,  0.000001663
nw_kernel2_pim, 6997,  0.000002234,  0.000001675,  0.000001675,  0.000001675
nw_kernel2_pim, 6998,  0.000002233,  0.000001675,  0.000001675,  0.000001675
nw_kernel2_pim, 6999,  0.000002158,  0.000001619,  0.000001619,  0.000001619
nw_kernel2_pim, 7000,  0.000002210,  0.000001657,  0.000001657,  0.000001657
nw_kernel2_pim, 7001,  0.000002153,  0.000001615,  0.000001615,  0.000001615
nw_kernel2_pim, 7002,  0.000002151,  0.000001613,  0.000001613,  0.000001613
nw_kernel2_pim, 7003,  0.000002013,  0.000001510,  0.000001510,  0.000001510
nw_kernel2_pim, 7004,  0.000002020,  0.000001515,  0.000001515,  0.000001515
nw_kernel2_pim, 7005,  0.000002012,  0.000001509,  0.000001509,  0.000001509
nw_kernel2_pim, 7006,  0.000002151,  0.000001613,  0.000001613,  0.000001613
nw_kernel2_pim, 7007,  0.000002162,  0.000001621,  0.000001621,  0.000001621
nw_kernel2_pim, 7008,  0.000002084,  0.000001563,  0.000001563,  0.000001563
nw_kernel2_pim, 7009,  0.000002161,  0.000001621,  0.000001621,  0.000001621
nw_kernel2_pim, 7010,  0.000002095,  0.000001571,  0.000001571,  0.000001571
nw_kernel2_pim, 7011,  0.000002094,  0.000001571,  0.000001571,  0.000001571
nw_kernel2_pim, 7012,  0.000002074,  0.000001556,  0.000001556,  0.000001556
nw_kernel2_pim, 7013,  0.000002074,  0.000001556,  0.000001556,  0.000001556
nw_kernel2_pim, 7014,  0.000002074,  0.000001556,  0.000001556,  0.000001556
nw_kernel2_pim, 7015,  0.000001964,  0.000001473,  0.000001473,  0.000001473
nw_kernel2_pim, 7016,  0.000001948,  0.000001461,  0.000001461,  0.000001461
nw_kernel2_pim, 7017,  0.000001902,  0.000001427,  0.000001427,  0.000001427
nw_kernel2_pim, 7018,  0.000002085,  0.000001564,  0.000001564,  0.000001564
nw_kernel2_pim, 7019,  0.000002032,  0.000001524,  0.000001524,  0.000001524
nw_kernel2_pim, 7020,  0.000002034,  0.000001526,  0.000001526,  0.000001526
nw_kernel2_pim, 7021,  0.000002008,  0.000001506,  0.000001506,  0.000001506
nw_kernel2_pim, 7022,  0.000002028,  0.000001521,  0.000001521,  0.000001521
nw_kernel2_pim, 7023,  0.000002031,  0.000001523,  0.000001523,  0.000001523
nw_kernel2_pim, 7024,  0.000002010,  0.000001507,  0.000001507,  0.000001507
nw_kernel2_pim, 7025,  0.000002002,  0.000001502,  0.000001502,  0.000001502
nw_kernel2_pim, 7026,  0.000001951,  0.000001463,  0.000001463,  0.000001463
nw_kernel2_pim, 7027,  0.000001918,  0.000001438,  0.000001438,  0.000001438
nw_kernel2_pim, 7028,  0.000001846,  0.000001384,  0.000001384,  0.000001384
nw_kernel2_pim, 7030,  0.000001843,  0.000001383,  0.000001383,  0.000001383
nw_kernel2_pim, 7031,  0.000001969,  0.000001477,  0.000001477,  0.000001477
nw_kernel2_pim, 7032,  0.000001956,  0.000001467,  0.000001467,  0.000001467
nw_kernel2_pim, 7033,  0.000001950,  0.000001463,  0.000001463,  0.000001463
nw_kernel2_pim, 7034,  0.000001979,  0.000001484,  0.000001484,  0.000001484
nw_kernel2_pim, 7035,  0.000001953,  0.000001465,  0.000001465,  0.000001465
nw_kernel2_pim, 7036,  0.000001890,  0.000001418,  0.000001418,  0.000001418
nw_kernel2_pim, 7037,  0.000001949,  0.000001462,  0.000001462,  0.000001462
nw_kernel2_pim, 7038,  0.000001878,  0.000001409,  0.000001409,  0.000001409
nw_kernel2_pim, 7039,  0.000001891,  0.000001418,  0.000001418,  0.000001418
nw_kernel2_pim, 7042,  0.000001787,  0.000001340,  0.000001340,  0.000001340
nw_kernel2_pim, 7043,  0.000001787,  0.000001340,  0.000001340,  0.000001340
nw_kernel2_pim, 7044,  0.000001787,  0.000001340,  0.000001340,  0.000001340
nw_kernel2_pim, 7045,  0.000001902,  0.000001426,  0.000001426,  0.000001426
nw_kernel2_pim, 7046,  0.000001893,  0.000001420,  0.000001420,  0.000001420
nw_kernel2_pim, 7047,  0.000001833,  0.000001375,  0.000001375,  0.000001375
nw_kernel2_pim, 7048,  0.000001892,  0.000001419,  0.000001419,  0.000001419
nw_kernel2_pim, 7049,  0.000001831,  0.000001373,  0.000001373,  0.000001373
nw_kernel2_pim, 7050,  0.000001829,  0.000001372,  0.000001372,  0.000001372
nw_kernel2_pim, 7051,  0.000001815,  0.000001362,  0.000001362,  0.000001362
nw_kernel2_pim, 7052,  0.000001810,  0.000001357,  0.000001357,  0.000001357
nw_kernel2_pim, 7053,  0.000001822,  0.000001366,  0.000001366,  0.000001366
nw_kernel2_pim, 7054,  0.000001737,  0.000001303,  0.000001303,  0.000001303
nw_kernel2_pim, 7055,  0.000001738,  0.000001304,  0.000001304,  0.000001304
nw_kernel2_pim, 7056,  0.000001688,  0.000001266,  0.000001266,  0.000001266
nw_kernel2_pim, 7057,  0.000001832,  0.000001374,  0.000001374,  0.000001374
nw_kernel2_pim, 7058,  0.000001769,  0.000001327,  0.000001327,  0.000001327
nw_kernel2_pim, 7059,  0.000001765,  0.000001324,  0.000001324,  0.000001324
nw_kernel2_pim, 7060,  0.000001770,  0.000001328,  0.000001328,  0.000001328
nw_kernel2_pim, 7061,  0.000001776,  0.000001332,  0.000001332,  0.000001332
nw_kernel2_pim, 7062,  0.000001755,  0.000001316,  0.000001316,  0.000001316
nw_kernel2_pim, 7063,  0.000001748,  0.000001311,  0.000001311,  0.000001311
nw_kernel2_pim, 7064,  0.000001756,  0.000001317,  0.000001317,  0.000001317
nw_kernel2_pim, 7065,  0.000001683,  0.000001263,  0.000001263,  0.000001263
nw_kernel2_pim, 7066,  0.000001679,  0.000001260,  0.000001260,  0.000001260
nw_kernel2_pim, 7067,  0.000001626,  0.000001220,  0.000001220,  0.000001220
nw_kernel2_pim, 7069,  0.000001628,  0.000001221,  0.000001221,  0.000001221
nw_kernel2_pim, 7070,  0.000047268,  0.000035451,  0.000035451,  0.000035451
nw_kernel2_pim, 7071,  0.000001692,  0.000001269,  0.000001269,  0.000001269
nw_kernel2_pim, 7072,  0.000001698,  0.000001274,  0.000001274,  0.000001274
nw_kernel2_pim, 7073,  0.000001704,  0.000001278,  0.000001278,  0.000001278
nw_kernel2_pim, 7074,  0.000001689,  0.000001267,  0.000001267,  0.000001267
nw_kernel2_pim, 7075,  0.000001632,  0.000001224,  0.000001224,  0.000001224
nw_kernel2_pim, 7076,  0.000001695,  0.000001271,  0.000001271,  0.000001271
nw_kernel2_pim, 7077,  0.000001621,  0.000001216,  0.000001216,  0.000001216
nw_kernel2_pim, 7078,  0.000001633,  0.000001225,  0.000001225,  0.000001225
nw_kernel2_pim, 7079,  0.000001575,  0.000001181,  0.000001181,  0.000001181
nw_kernel2_pim, 7080,  0.000001575,  0.000001182,  0.000001182,  0.000001182
nw_kernel2_pim, 7081,  0.000001574,  0.000001180,  0.000001180,  0.000001180
nw_kernel2_pim, 7082,  0.000001632,  0.000001224,  0.000001224,  0.000001224
nw_kernel2_pim, 7083,  0.000001632,  0.000001224,  0.000001224,  0.000001224
nw_kernel2_pim, 7084,  0.000001572,  0.000001179,  0.000001179,  0.000001179
nw_kernel2_pim, 7085,  0.000001642,  0.000001231,  0.000001231,  0.000001231
nw_kernel2_pim, 7086,  0.000001564,  0.000001173,  0.000001173,  0.000001173
nw_kernel2_pim, 7087,  0.000001568,  0.000001176,  0.000001176,  0.000001176
nw_kernel2_pim, 7088,  0.000001566,  0.000001174,  0.000001174,  0.000001174
nw_kernel2_pim, 7089,  0.000001552,  0.000001164,  0.000001164,  0.000001164
nw_kernel2_pim, 7090,  0.000001574,  0.000001180,  0.000001180,  0.000001180
nw_kernel2_pim, 7091,  0.000001519,  0.000001139,  0.000001139,  0.000001139
nw_kernel2_pim, 7092,  0.000001521,  0.000001140,  0.000001140,  0.000001140
nw_kernel2_pim, 7093,  0.000001463,  0.000001097,  0.000001097,  0.000001097
nw_kernel2_pim, 7094,  0.000001573,  0.000001180,  0.000001180,  0.000001180
nw_kernel2_pim, 7095,  0.000001519,  0.000001139,  0.000001139,  0.000001139
nw_kernel2_pim, 7096,  0.000001505,  0.000001129,  0.000001129,  0.000001129
nw_kernel2_pim, 7097,  0.000037370,  0.000028028,  0.000028028,  0.000028028
nw_kernel2_pim, 7098,  0.000002076,  0.000001557,  0.000001557,  0.000001557
nw_kernel2_pim, 7099,  0.000001512,  0.000001134,  0.000001134,  0.000001134
nw_kernel2_pim, 7100,  0.000001513,  0.000001135,  0.000001135,  0.000001135
nw_kernel2_pim, 7101,  0.000001494,  0.000001120,  0.000001120,  0.000001120
nw_kernel2_pim, 7102,  0.000002049,  0.000001537,  0.000001537,  0.000001537
nw_kernel2_pim, 7103,  0.000001467,  0.000001100,  0.000001100,  0.000001100
nw_kernel2_pim, 7104,  0.000001413,  0.000001060,  0.000001060,  0.000001060
nw_kernel2_pim, 7105,  0.000001413,  0.000001060,  0.000001060,  0.000001060
nw_kernel2_pim, 7106,  0.000001455,  0.000001092,  0.000001092,  0.000001092
nw_kernel2_pim, 7107,  0.000001454,  0.000001090,  0.000001090,  0.000001090
nw_kernel2_pim, 7108,  0.000001442,  0.000001082,  0.000001082,  0.000001082
nw_kernel2_pim, 7109,  0.000001450,  0.000001088,  0.000001088,  0.000001088
nw_kernel2_pim, 7110,  0.000002049,  0.000001537,  0.000001537,  0.000001537
nw_kernel2_pim, 7111,  0.000001381,  0.000001036,  0.000001036,  0.000001036
nw_kernel2_pim, 7112,  0.000001442,  0.000001082,  0.000001082,  0.000001082
nw_kernel2_pim, 7113,  0.000039515,  0.000029637,  0.000029637,  0.000029637
nw_kernel2_pim, 7114,  0.000001378,  0.000001034,  0.000001034,  0.000001034
nw_kernel2_pim, 7115,  0.000001358,  0.000001019,  0.000001019,  0.000001019
nw_kernel2_pim, 7116,  0.000001358,  0.000001018,  0.000001018,  0.000001018
nw_kernel2_pim, 7117,  0.000001357,  0.000001018,  0.000001018,  0.000001018
nw_kernel2_pim, 7118,  0.000001395,  0.000001046,  0.000001046,  0.000001046
nw_kernel2_pim, 7119,  0.000001387,  0.000001040,  0.000001040,  0.000001040
nw_kernel2_pim, 7120,  0.000001329,  0.000000997,  0.000000997,  0.000000997
nw_kernel2_pim, 7121,  0.000001380,  0.000001035,  0.000001035,  0.000001035
nw_kernel2_pim, 7122,  0.000001891,  0.000001418,  0.000001418,  0.000001418
nw_kernel2_pim, 7123,  0.000001326,  0.000000994,  0.000000994,  0.000000994
nw_kernel2_pim, 7124,  0.000001328,  0.000000996,  0.000000996,  0.000000996
nw_kernel2_pim, 7125,  0.000001325,  0.000000994,  0.000000994,  0.000000994
nw_kernel2_pim, 7126,  0.000001321,  0.000000990,  0.000000990,  0.000000990
nw_kernel2_pim, 7127,  0.000001303,  0.000000977,  0.000000977,  0.000000977
nw_kernel2_pim, 7128,  0.000001305,  0.000000979,  0.000000979,  0.000000979
nw_kernel2_pim, 7129,  0.000001250,  0.000000937,  0.000000937,  0.000000937
nw_kernel2_pim, 7130,  0.000001891,  0.000001418,  0.000001418,  0.000001418
nw_kernel2_pim, 7131,  0.000001678,  0.000001258,  0.000001258,  0.000001258
nw_kernel2_pim, 7132,  0.000001270,  0.000000952,  0.000000952,  0.000000952
nw_kernel2_pim, 7133,  0.000001268,  0.000000951,  0.000000951,  0.000000951
nw_kernel2_pim, 7134,  0.000001266,  0.000000949,  0.000000949,  0.000000949
nw_kernel2_pim, 7135,  0.000045666,  0.000034250,  0.000034250,  0.000034250
nw_kernel2_pim, 7136,  0.000001269,  0.000000952,  0.000000952,  0.000000952
nw_kernel2_pim, 7137,  0.000001266,  0.000000950,  0.000000950,  0.000000950
nw_kernel2_pim, 7138,  0.000001203,  0.000000902,  0.000000902,  0.000000902
nw_kernel2_pim, 7139,  0.000001250,  0.000000937,  0.000000937,  0.000000937
nw_kernel2_pim, 7140,  0.000001197,  0.000000897,  0.000000897,  0.000000897
nw_kernel2_pim, 7141,  0.000001601,  0.000001200,  0.000001200,  0.000001200
nw_kernel2_pim, 7142,  0.000001733,  0.000001300,  0.000001300,  0.000001300
nw_kernel2_pim, 7143,  0.000001213,  0.000000910,  0.000000910,  0.000000910
nw_kernel2_pim, 7144,  0.000001223,  0.000000917,  0.000000917,  0.000000917
nw_kernel2_pim, 7145,  0.000001219,  0.000000914,  0.000000914,  0.000000914
nw_kernel2_pim, 7146,  0.000001214,  0.000000910,  0.000000910,  0.000000910
nw_kernel2_pim, 7147,  0.000001165,  0.000000874,  0.000000874,  0.000000874
nw_kernel2_pim, 7148,  0.000001222,  0.000000916,  0.000000916,  0.000000916
nw_kernel2_pim, 7149,  0.000001156,  0.000000867,  0.000000867,  0.000000867
nw_kernel2_pim, 7150,  0.000001654,  0.000001241,  0.000001241,  0.000001241
nw_kernel2_pim, 7151,  0.000001143,  0.000000857,  0.000000857,  0.000000857
nw_kernel2_pim, 7152,  0.000001143,  0.000000857,  0.000000857,  0.000000857
nw_kernel2_pim, 7153,  0.000001144,  0.000000858,  0.000000858,  0.000000858
nw_kernel2_pim, 7154,  0.000001152,  0.000000864,  0.000000864,  0.000000864
nw_kernel2_pim, 7155,  0.000001159,  0.000000870,  0.000000870,  0.000000870
nw_kernel2_pim, 7156,  0.000001100,  0.000000825,  0.000000825,  0.000000825
nw_kernel2_pim, 7157,  0.000001149,  0.000000862,  0.000000862,  0.000000862
nw_kernel2_pim, 7158,  0.000001099,  0.000000824,  0.000000824,  0.000000824
nw_kernel2_pim, 7159,  0.000001098,  0.000000824,  0.000000824,  0.000000824
nw_kernel2_pim, 7160,  0.000001100,  0.000000825,  0.000000825,  0.000000825
nw_kernel2_pim, 7161,  0.000001103,  0.000000827,  0.000000827,  0.000000827
nw_kernel2_pim, 7162,  0.000001575,  0.000001182,  0.000001182,  0.000001182
nw_kernel2_pim, 7163,  0.000001090,  0.000000817,  0.000000817,  0.000000817
nw_kernel2_pim, 7164,  0.000001090,  0.000000817,  0.000000817,  0.000000817
nw_kernel2_pim, 7165,  0.000001037,  0.000000777,  0.000000777,  0.000000777
nw_kernel2_pim, 7166,  0.000001099,  0.000000825,  0.000000825,  0.000000825
nw_kernel2_pim, 7167,  0.000001039,  0.000000779,  0.000000779,  0.000000779
nw_kernel2_pim, 7168,  0.000001038,  0.000000778,  0.000000778,  0.000000778
nw_kernel2_pim, 7169,  0.000001049,  0.000000787,  0.000000787,  0.000000787
nw_kernel2_pim, 7170,  0.000001041,  0.000000781,  0.000000781,  0.000000781
nw_kernel2_pim, 7171,  0.000001038,  0.000000779,  0.000000779,  0.000000779
nw_kernel2_pim, 7172,  0.000001048,  0.000000786,  0.000000786,  0.000000786
nw_kernel2_pim, 7173,  0.000001039,  0.000000780,  0.000000780,  0.000000780
nw_kernel2_pim, 7174,  0.000000986,  0.000000740,  0.000000740,  0.000000740
nw_kernel2_pim, 7175,  0.000001037,  0.000000778,  0.000000778,  0.000000778
nw_kernel2_pim, 7176,  0.000000983,  0.000000737,  0.000000737,  0.000000737
nw_kernel2_pim, 7177,  0.000000983,  0.000000737,  0.000000737,  0.000000737
nw_kernel2_pim, 7178,  0.000000991,  0.000000743,  0.000000743,  0.000000743
nw_kernel2_pim, 7179,  0.000000992,  0.000000744,  0.000000744,  0.000000744
nw_kernel2_pim, 7180,  0.000000992,  0.000000744,  0.000000744,  0.000000744
nw_kernel2_pim, 7181,  0.000000993,  0.000000745,  0.000000745,  0.000000745
nw_kernel2_pim, 7182,  0.000000985,  0.000000739,  0.000000739,  0.000000739
nw_kernel2_pim, 7183,  0.000000930,  0.000000698,  0.000000698,  0.000000698
nw_kernel2_pim, 7184,  0.000000985,  0.000000739,  0.000000739,  0.000000739
nw_kernel2_pim, 7185,  0.000000931,  0.000000698,  0.000000698,  0.000000698
nw_kernel2_pim, 7186,  0.000000931,  0.000000698,  0.000000698,  0.000000698
nw_kernel2_pim, 7187,  0.000000930,  0.000000697,  0.000000697,  0.000000697
nw_kernel2_pim, 7188,  0.000000930,  0.000000697,  0.000000697,  0.000000697
nw_kernel2_pim, 7189,  0.000000930,  0.000000697,  0.000000697,  0.000000697
nw_kernel2_pim, 7190,  0.000000935,  0.000000701,  0.000000701,  0.000000701
nw_kernel2_pim, 7191,  0.000000936,  0.000000702,  0.000000702,  0.000000702
nw_kernel2_pim, 7192,  0.000000882,  0.000000661,  0.000000661,  0.000000661
nw_kernel2_pim, 7193,  0.000000933,  0.000000700,  0.000000700,  0.000000700
nw_kernel2_pim, 7194,  0.000000881,  0.000000660,  0.000000660,  0.000000660
nw_kernel2_pim, 7195,  0.000000877,  0.000000657,  0.000000657,  0.000000657
nw_kernel2_pim, 7196,  0.000000877,  0.000000657,  0.000000657,  0.000000657
nw_kernel2_pim, 7197,  0.000000879,  0.000000659,  0.000000659,  0.000000659
nw_kernel2_pim, 7198,  0.000000879,  0.000000659,  0.000000659,  0.000000659
nw_kernel2_pim, 7199,  0.000000877,  0.000000657,  0.000000657,  0.000000657
nw_kernel2_pim, 7200,  0.000000877,  0.000000657,  0.000000657,  0.000000657
nw_kernel2_pim, 7201,  0.000000823,  0.000000617,  0.000000617,  0.000000617
nw_kernel2_pim, 7202,  0.000000877,  0.000000658,  0.000000658,  0.000000658
nw_kernel2_pim, 7203,  0.000000830,  0.000000623,  0.000000623,  0.000000623
nw_kernel2_pim, 7204,  0.000000825,  0.000000619,  0.000000619,  0.000000619
nw_kernel2_pim, 7205,  0.000000823,  0.000000617,  0.000000617,  0.000000617
nw_kernel2_pim, 7206,  0.000000824,  0.000000618,  0.000000618,  0.000000618
nw_kernel2_pim, 7207,  0.000000824,  0.000000618,  0.000000618,  0.000000618
nw_kernel2_pim, 7208,  0.000000823,  0.000000617,  0.000000617,  0.000000617
nw_kernel2_pim, 7209,  0.000000824,  0.000000618,  0.000000618,  0.000000618
nw_kernel2_pim, 7210,  0.000000770,  0.000000577,  0.000000577,  0.000000577
nw_kernel2_pim, 7211,  0.000000823,  0.000000617,  0.000000617,  0.000000617
nw_kernel2_pim, 7212,  0.000000770,  0.000000577,  0.000000577,  0.000000577
nw_kernel2_pim, 7213,  0.000000770,  0.000000577,  0.000000577,  0.000000577
nw_kernel2_pim, 7214,  0.000000770,  0.000000577,  0.000000577,  0.000000577
nw_kernel2_pim, 7215,  0.000000770,  0.000000577,  0.000000577,  0.000000577
nw_kernel2_pim, 7216,  0.000000770,  0.000000578,  0.000000578,  0.000000578
nw_kernel2_pim, 7217,  0.000000770,  0.000000577,  0.000000577,  0.000000577
nw_kernel2_pim, 7218,  0.000000770,  0.000000577,  0.000000577,  0.000000577
nw_kernel2_pim, 7219,  0.000000717,  0.000000538,  0.000000538,  0.000000538
nw_kernel2_pim, 7220,  0.000000771,  0.000000578,  0.000000578,  0.000000578
nw_kernel2_pim, 7221,  0.000000717,  0.000000537,  0.000000537,  0.000000537
nw_kernel2_pim, 7222,  0.000000719,  0.000000540,  0.000000540,  0.000000540
nw_kernel2_pim, 7223,  0.000000717,  0.000000537,  0.000000537,  0.000000537
nw_kernel2_pim, 7224,  0.000000717,  0.000000537,  0.000000537,  0.000000537
nw_kernel2_pim, 7225,  0.000000717,  0.000000537,  0.000000537,  0.000000537
nw_kernel2_pim, 7226,  0.000000717,  0.000000537,  0.000000537,  0.000000537
nw_kernel2_pim, 7227,  0.000000717,  0.000000538,  0.000000538,  0.000000538
nw_kernel2_pim, 7228,  0.000000663,  0.000000497,  0.000000497,  0.000000497
nw_kernel2_pim, 7229,  0.000000717,  0.000000537,  0.000000537,  0.000000537
nw_kernel2_pim, 7230,  0.000000663,  0.000000497,  0.000000497,  0.000000497
nw_kernel2_pim, 7231,  0.000000663,  0.000000497,  0.000000497,  0.000000497
nw_kernel2_pim, 7232,  0.000000663,  0.000000497,  0.000000497,  0.000000497
nw_kernel2_pim, 7233,  0.000000663,  0.000000497,  0.000000497,  0.000000497
nw_kernel2_pim, 7234,  0.000000663,  0.000000497,  0.000000497,  0.000000497
nw_kernel2_pim, 7235,  0.000000663,  0.000000497,  0.000000497,  0.000000497
nw_kernel2_pim, 7236,  0.000000663,  0.000000497,  0.000000497,  0.000000497
nw_kernel2_pim, 7237,  0.000000610,  0.000000457,  0.000000457,  0.000000457
nw_kernel2_pim, 7238,  0.000000663,  0.000000497,  0.000000497,  0.000000497
nw_kernel2_pim, 7239,  0.000000611,  0.000000458,  0.000000458,  0.000000458
nw_kernel2_pim, 7240,  0.000000610,  0.000000457,  0.000000457,  0.000000457
nw_kernel2_pim, 7241,  0.000000610,  0.000000457,  0.000000457,  0.000000457
nw_kernel2_pim, 7242,  0.000000610,  0.000000457,  0.000000457,  0.000000457
nw_kernel2_pim, 7243,  0.000000610,  0.000000457,  0.000000457,  0.000000457
nw_kernel2_pim, 7244,  0.000001180,  0.000000885,  0.000000885,  0.000000885
nw_kernel2_pim, 7245,  0.000000610,  0.000000457,  0.000000457,  0.000000457
nw_kernel2_pim, 7246,  0.000000787,  0.000000590,  0.000000590,  0.000000590
nw_kernel2_pim, 7247,  0.000000610,  0.000000457,  0.000000457,  0.000000457
nw_kernel2_pim, 7248,  0.000000557,  0.000000417,  0.000000417,  0.000000417
nw_kernel2_pim, 7249,  0.000000557,  0.000000417,  0.000000417,  0.000000417
nw_kernel2_pim, 7250,  0.000000557,  0.000000417,  0.000000417,  0.000000417
nw_kernel2_pim, 7251,  0.000000557,  0.000000417,  0.000000417,  0.000000417
nw_kernel2_pim, 7252,  0.000000557,  0.000000417,  0.000000417,  0.000000417
nw_kernel2_pim, 7253,  0.000030825,  0.000023118,  0.000023118,  0.000023118
nw_kernel2_pim, 7254,  0.000000787,  0.000000590,  0.000000590,  0.000000590
nw_kernel2_pim, 7255,  0.000000503,  0.000000377,  0.000000377,  0.000000377
nw_kernel2_pim, 7256,  0.000000561,  0.000000421,  0.000000421,  0.000000421
nw_kernel2_pim, 7257,  0.000000503,  0.000000377,  0.000000377,  0.000000377
nw_kernel2_pim, 7258,  0.000000503,  0.000000377,  0.000000377,  0.000000377
nw_kernel2_pim, 7259,  0.000005562,  0.000004172,  0.000004172,  0.000004172
nw_kernel2_pim, 7260,  0.000000503,  0.000000377,  0.000000377,  0.000000377
nw_kernel2_pim, 7261,  0.000000503,  0.000000377,  0.000000377,  0.000000377
nw_kernel2_pim, 7262,  0.000000708,  0.000000531,  0.000000531,  0.000000531
nw_kernel2_pim, 7263,  0.000000503,  0.000000377,  0.000000377,  0.000000377
nw_kernel2_pim, 7264,  0.000000450,  0.000000337,  0.000000337,  0.000000337
nw_kernel2_pim, 7265,  0.000000503,  0.000000377,  0.000000377,  0.000000377
nw_kernel2_pim, 7266,  0.000000450,  0.000000337,  0.000000337,  0.000000337
nw_kernel2_pim, 7267,  0.000000450,  0.000000337,  0.000000337,  0.000000337
nw_kernel2_pim, 7268,  0.000000450,  0.000000337,  0.000000337,  0.000000337
nw_kernel2_pim, 7269,  0.000000450,  0.000000337,  0.000000337,  0.000000337
nw_kernel2_pim, 7270,  0.000000450,  0.000000337,  0.000000337,  0.000000337
nw_kernel2_pim, 7271,  0.000000450,  0.000000337,  0.000000337,  0.000000337
nw_kernel2_pim, 7272,  0.000000450,  0.000000337,  0.000000337,  0.000000337
nw_kernel2_pim, 7273,  0.000000397,  0.000000297,  0.000000297,  0.000000297
nw_kernel2_pim, 7274,  0.000000629,  0.000000472,  0.000000472,  0.000000472
nw_kernel2_pim, 7275,  0.000000397,  0.000000297,  0.000000297,  0.000000297
nw_kernel2_pim, 7276,  0.000000397,  0.000000297,  0.000000297,  0.000000297
nw_kernel2_pim, 7277,  0.000000397,  0.000000297,  0.000000297,  0.000000297
nw_kernel2_pim, 7278,  0.000000397,  0.000000297,  0.000000297,  0.000000297
nw_kernel2_pim, 7279,  0.000000397,  0.000000297,  0.000000297,  0.000000297
nw_kernel2_pim, 7280,  0.000000397,  0.000000297,  0.000000297,  0.000000297
nw_kernel2_pim, 7281,  0.000000397,  0.000000297,  0.000000297,  0.000000297
nw_kernel2_pim, 7282,  0.000001043,  0.000000783,  0.000000783,  0.000000783
nw_kernel2_pim, 7283,  0.000000397,  0.000000297,  0.000000297,  0.000000297
nw_kernel2_pim, 7284,  0.000000343,  0.000000257,  0.000000257,  0.000000257
nw_kernel2_pim, 7285,  0.000000344,  0.000000258,  0.000000258,  0.000000258
nw_kernel2_pim, 7286,  0.000000343,  0.000000257,  0.000000257,  0.000000257
nw_kernel2_pim, 7287,  0.000000343,  0.000000257,  0.000000257,  0.000000257
nw_kernel2_pim, 7288,  0.000000343,  0.000000257,  0.000000257,  0.000000257
nw_kernel2_pim, 7289,  0.000000343,  0.000000257,  0.000000257,  0.000000257
nw_kernel2_pim, 7290,  0.000000343,  0.000000257,  0.000000257,  0.000000257
nw_kernel2_pim, 7291,  0.000000290,  0.000000217,  0.000000217,  0.000000217
nw_kernel2_pim, 7292,  0.000000343,  0.000000257,  0.000000257,  0.000000257
nw_kernel2_pim, 7293,  0.000000290,  0.000000217,  0.000000217,  0.000000217
nw_kernel2_pim, 7294,  0.000000392,  0.000000294,  0.000000294,  0.000000294
nw_kernel2_pim, 7295,  0.000000290,  0.000000217,  0.000000217,  0.000000217
nw_kernel2_pim, 7296,  0.000000290,  0.000000217,  0.000000217,  0.000000217
nw_kernel2_pim, 7297,  0.000000290,  0.000000217,  0.000000217,  0.000000217
nw_kernel2_pim, 7298,  0.000000290,  0.000000217,  0.000000217,  0.000000217
nw_kernel2_pim, 7299,  0.000000290,  0.000000217,  0.000000217,  0.000000217
nw_kernel2_pim, 7300,  0.000000808,  0.000000606,  0.000000606,  0.000000606
nw_kernel2_pim, 7301,  0.000000290,  0.000000217,  0.000000217,  0.000000217
nw_kernel2_pim, 7302,  0.000000237,  0.000000177,  0.000000177,  0.000000177
nw_kernel2_pim, 7303,  0.000000237,  0.000000177,  0.000000177,  0.000000177
nw_kernel2_pim, 7304,  0.000000237,  0.000000177,  0.000000177,  0.000000177
nw_kernel2_pim, 7305,  0.000000237,  0.000000177,  0.000000177,  0.000000177
nw_kernel2_pim, 7306,  0.000000237,  0.000000177,  0.000000177,  0.000000177
nw_kernel2_pim, 7307,  0.000000237,  0.000000177,  0.000000177,  0.000000177
nw_kernel2_pim, 7308,  0.000000237,  0.000000177,  0.000000177,  0.000000177
nw_kernel2_pim, 7309,  0.000000183,  0.000000137,  0.000000137,  0.000000137
nw_kernel2_pim, 7310,  0.000000237,  0.000000177,  0.000000177,  0.000000177
nw_kernel2_pim, 7311,  0.000000183,  0.000000137,  0.000000137,  0.000000137
nw_kernel2_pim, 7312,  0.000000183,  0.000000137,  0.000000137,  0.000000137
nw_kernel2_pim, 7313,  0.000000183,  0.000000137,  0.000000137,  0.000000137
nw_kernel2_pim, 7314,  0.000000183,  0.000000137,  0.000000137,  0.000000137
nw_kernel2_pim, 7315,  0.000000183,  0.000000137,  0.000000137,  0.000000137
nw_kernel2_pim, 7316,  0.000000183,  0.000000137,  0.000000137,  0.000000137
nw_kernel2_pim, 7317,  0.000000183,  0.000000137,  0.000000137,  0.000000137
nw_kernel2_pim, 7318,  0.000000130,  0.000000097,  0.000000097,  0.000000097
nw_kernel2_pim, 7319,  0.000000183,  0.000000137,  0.000000137,  0.000000137
nw_kernel2_pim, 7320,  0.000000130,  0.000000097,  0.000000097,  0.000000097
nw_kernel2_pim, 7321,  0.000000130,  0.000000097,  0.000000097,  0.000000097
nw_kernel2_pim, 7322,  0.000000130,  0.000000097,  0.000000097,  0.000000097
nw_kernel2_pim, 7323,  0.000000130,  0.000000097,  0.000000097,  0.000000097
nw_kernel2_pim, 7324,  0.000000130,  0.000000097,  0.000000097,  0.000000097
nw_kernel2_pim, 7325,  0.000000130,  0.000000097,  0.000000097,  0.000000097
nw_kernel2_pim, 7326,  0.000000130,  0.000000097,  0.000000097,  0.000000097
nw_kernel2_pim, 7327,  0.000000130,  0.000000097,  0.000000097,  0.000000097
