pgain_kernel_pim, 7998,  0.000425430,  0.000319072,  0.000319072,  0.000319072
pgain_kernel_pim, 7999,  0.000425681,  0.000319261,  0.000319261,  0.000319261
pgain_kernel_pim, 8000,  0.000423585,  0.000317688,  0.000317688,  0.000317688
pgain_kernel_pim, 8001,  0.000425227,  0.000318920,  0.000318920,  0.000318920
pgain_kernel_pim, 8002,  0.000425617,  0.000319213,  0.000319213,  0.000319213
pgain_kernel_pim, 8003,  0.000423454,  0.000317590,  0.000317590,  0.000317590
pgain_kernel_pim, 8004,  0.000426337,  0.000319753,  0.000319753,  0.000319753
pgain_kernel_pim, 8005,  0.000425674,  0.000319256,  0.000319256,  0.000319256
pgain_kernel_pim, 8006,  0.000422019,  0.000316515,  0.000316515,  0.000316515
pgain_kernel_pim, 8007,  0.000425583,  0.000319187,  0.000319187,  0.000319187
pgain_kernel_pim, 8008,  0.000430924,  0.000323193,  0.000323193,  0.000323193
pgain_kernel_pim, 8009,  0.000422378,  0.000316784,  0.000316784,  0.000316784
pgain_kernel_pim, 8010,  0.000425589,  0.000319192,  0.000319192,  0.000319192
pgain_kernel_pim, 8011,  0.000425923,  0.000319442,  0.000319442,  0.000319442
pgain_kernel_pim, 8012,  0.000424604,  0.000318453,  0.000318453,  0.000318453
pgain_kernel_pim, 8013,  0.000425695,  0.000319271,  0.000319271,  0.000319271
pgain_kernel_pim, 8014,  0.000426091,  0.000319568,  0.000319568,  0.000319568
pgain_kernel_pim, 8015,  0.000428348,  0.000321261,  0.000321261,  0.000321261
pgain_kernel_pim, 8016,  0.000425601,  0.000319201,  0.000319201,  0.000319201
pgain_kernel_pim, 8017,  0.000431739,  0.000323804,  0.000323804,  0.000323804
pgain_kernel_pim, 8018,  0.000422348,  0.000316761,  0.000316761,  0.000316761
pgain_kernel_pim, 8021,  0.000425431,  0.000319073,  0.000319073,  0.000319073
pgain_kernel_pim, 8022,  0.000425901,  0.000319425,  0.000319425,  0.000319425
pgain_kernel_pim, 8023,  0.000425859,  0.000319394,  0.000319394,  0.000319394
pgain_kernel_pim, 8024,  0.000427330,  0.000320498,  0.000320498,  0.000320498
pgain_kernel_pim, 8025,  0.000425972,  0.000319479,  0.000319479,  0.000319479
pgain_kernel_pim, 8027,  0.000422326,  0.000316744,  0.000316744,  0.000316744
pgain_kernel_pim, 8028,  0.000425208,  0.000318906,  0.000318906,  0.000318906
pgain_kernel_pim, 8029,  0.000430196,  0.000322647,  0.000322647,  0.000322647
pgain_kernel_pim, 8030,  0.000422054,  0.000316541,  0.000316541,  0.000316541
pgain_kernel_pim, 8032,  0.000425499,  0.000319124,  0.000319124,  0.000319124
pgain_kernel_pim, 8033,  0.000426044,  0.000319533,  0.000319533,  0.000319533
pgain_kernel_pim, 8036,  0.000423399,  0.000317550,  0.000317550,  0.000317550
pgain_kernel_pim, 8038,  0.000427056,  0.000320292,  0.000320292,  0.000320292
pgain_kernel_pim, 8039,  0.000425769,  0.000319327,  0.000319327,  0.000319327
pgain_kernel_pim, 8040,  0.000427279,  0.000320460,  0.000320460,  0.000320460
pgain_kernel_pim, 8041,  0.000425463,  0.000319097,  0.000319097,  0.000319097
pgain_kernel_pim, 8042,  0.000425844,  0.000319383,  0.000319383,  0.000319383
pgain_kernel_pim, 8043,  0.000425850,  0.000319388,  0.000319388,  0.000319388
pgain_kernel_pim, 8044,  0.000425207,  0.000318905,  0.000318905,  0.000318905
pgain_kernel_pim, 8045,  0.000431602,  0.000323701,  0.000323701,  0.000323701
pgain_kernel_pim, 8046,  0.000421901,  0.000316426,  0.000316426,  0.000316426
pgain_kernel_pim, 8047,  0.000425361,  0.000319020,  0.000319020,  0.000319020
pgain_kernel_pim, 8048,  0.000425728,  0.000319296,  0.000319296,  0.000319296
pgain_kernel_pim, 8049,  0.000423466,  0.000317599,  0.000317599,  0.000317599
pgain_kernel_pim, 8050,  0.000425453,  0.000319090,  0.000319090,  0.000319090
pgain_kernel_pim, 8051,  0.000430924,  0.000323193,  0.000323193,  0.000323193
pgain_kernel_pim, 8052,  0.000422180,  0.000316635,  0.000316635,  0.000316635
pgain_kernel_pim, 8053,  0.000425714,  0.000319285,  0.000319285,  0.000319285
pgain_kernel_pim, 8054,  0.000425986,  0.000319490,  0.000319490,  0.000319490
pgain_kernel_pim, 8055,  0.000423618,  0.000317714,  0.000317714,  0.000317714
pgain_kernel_pim, 8057,  0.000427158,  0.000320369,  0.000320369,  0.000320369
pgain_kernel_pim, 8078,  0.000425815,  0.000319362,  0.000319362,  0.000319362
pgain_kernel_pim, 8099,  0.000427282,  0.000320462,  0.000320462,  0.000320462
pgain_kernel_pim, 8100,  0.000425534,  0.000319150,  0.000319150,  0.000319150
pgain_kernel_pim, 8101,  0.000430312,  0.000322734,  0.000322734,  0.000322734
pgain_kernel_pim, 8102,  0.000422391,  0.000316793,  0.000316793,  0.000316793
pgain_kernel_pim, 8103,  0.000424734,  0.000318551,  0.000318551,  0.000318551
pgain_kernel_pim, 8104,  0.000425516,  0.000319137,  0.000319137,  0.000319137
pgain_kernel_pim, 8105,  0.000424597,  0.000318447,  0.000318447,  0.000318447
pgain_kernel_pim, 8106,  0.000425494,  0.000319121,  0.000319121,  0.000319121
pgain_kernel_pim, 8107,  0.000425933,  0.000319450,  0.000319450,  0.000319450
pgain_kernel_pim, 8108,  0.000424135,  0.000318101,  0.000318101,  0.000318101
pgain_kernel_pim, 8109,  0.000426856,  0.000320142,  0.000320142,  0.000320142
pgain_kernel_pim, 8110,  0.000425767,  0.000319325,  0.000319325,  0.000319325
pgain_kernel_pim, 8111,  0.000422143,  0.000316607,  0.000316607,  0.000316607
pgain_kernel_pim, 8114,  0.000425343,  0.000319007,  0.000319007,  0.000319007
pgain_kernel_pim, 8115,  0.000425713,  0.000319285,  0.000319285,  0.000319285
pgain_kernel_pim, 8116,  0.000423230,  0.000317422,  0.000317422,  0.000317422
pgain_kernel_pim, 8117,  0.000425545,  0.000319159,  0.000319159,  0.000319159
pgain_kernel_pim, 8118,  0.000425798,  0.000319349,  0.000319349,  0.000319349
pgain_kernel_pim, 8119,  0.000428279,  0.000321210,  0.000321210,  0.000321210
pgain_kernel_pim, 8120,  0.000425126,  0.000318845,  0.000318845,  0.000318845
pgain_kernel_pim, 8121,  0.000430426,  0.000322820,  0.000322820,  0.000322820
pgain_kernel_pim, 8122,  0.000422312,  0.000316734,  0.000316734,  0.000316734
pgain_kernel_pim, 8123,  0.000426496,  0.000319872,  0.000319872,  0.000319872
pgain_kernel_pim, 8124,  0.000425598,  0.000319199,  0.000319199,  0.000319199
pgain_kernel_pim, 8125,  0.000421993,  0.000316495,  0.000316495,  0.000316495
pgain_kernel_pim, 8126,  0.000425716,  0.000319287,  0.000319287,  0.000319287
pgain_kernel_pim, 8127,  0.000425815,  0.000319361,  0.000319361,  0.000319361
pgain_kernel_pim, 8128,  0.000423612,  0.000317709,  0.000317709,  0.000317709
pgain_kernel_pim, 8129,  0.000425609,  0.000319207,  0.000319207,  0.000319207
pgain_kernel_pim, 8130,  0.000425929,  0.000319447,  0.000319447,  0.000319447
pgain_kernel_pim, 8131,  0.000426073,  0.000319555,  0.000319555,  0.000319555
pgain_kernel_pim, 8132,  0.000425586,  0.000319190,  0.000319190,  0.000319190
pgain_kernel_pim, 8133,  0.000425913,  0.000319435,  0.000319435,  0.000319435
pgain_kernel_pim, 8134,  0.000426273,  0.000319705,  0.000319705,  0.000319705
pgain_kernel_pim, 8135,  0.000425756,  0.000319317,  0.000319317,  0.000319317
pgain_kernel_pim, 8136,  0.000431556,  0.000323667,  0.000323667,  0.000323667
pgain_kernel_pim, 8137,  0.000427361,  0.000320520,  0.000320520,  0.000320520
pgain_kernel_pim, 8138,  0.000425608,  0.000319206,  0.000319206,  0.000319206
pgain_kernel_pim, 8139,  0.000425927,  0.000319445,  0.000319445,  0.000319445
pgain_kernel_pim, 8140,  0.000425785,  0.000319338,  0.000319338,  0.000319338
pgain_kernel_pim, 8141,  0.000425366,  0.000319024,  0.000319024,  0.000319024
pgain_kernel_pim, 8142,  0.000425798,  0.000319348,  0.000319348,  0.000319348
pgain_kernel_pim, 8143,  0.000425672,  0.000319254,  0.000319254,  0.000319254
pgain_kernel_pim, 8144,  0.000426482,  0.000319861,  0.000319861,  0.000319861
pgain_kernel_pim, 8145,  0.000425595,  0.000319196,  0.000319196,  0.000319196
pgain_kernel_pim, 8146,  0.000422083,  0.000316563,  0.000316563,  0.000316563
pgain_kernel_pim, 8147,  0.000425403,  0.000319053,  0.000319053,  0.000319053
pgain_kernel_pim, 8148,  0.000429540,  0.000322155,  0.000322155,  0.000322155
pgain_kernel_pim, 8149,  0.000422176,  0.000316632,  0.000316632,  0.000316632
pgain_kernel_pim, 8150,  0.000425596,  0.000319197,  0.000319197,  0.000319197
pgain_kernel_pim, 8151,  0.000425900,  0.000319425,  0.000319425,  0.000319425
pgain_kernel_pim, 8152,  0.000425970,  0.000319477,  0.000319477,  0.000319477
pgain_kernel_pim, 8153,  0.000425910,  0.000319433,  0.000319433,  0.000319433
pgain_kernel_pim, 8154,  0.000425879,  0.000319409,  0.000319409,  0.000319409
pgain_kernel_pim, 8155,  0.000429792,  0.000322344,  0.000322344,  0.000322344
pgain_kernel_pim, 8156,  0.000425333,  0.000319000,  0.000319000,  0.000319000
pgain_kernel_pim, 8157,  0.000425736,  0.000319302,  0.000319302,  0.000319302
pgain_kernel_pim, 8158,  0.000423599,  0.000317700,  0.000317700,  0.000317700
pgain_kernel_pim, 8159,  0.000426300,  0.000319725,  0.000319725,  0.000319725
pgain_kernel_pim, 8160,  0.000425710,  0.000319282,  0.000319282,  0.000319282
pgain_kernel_pim, 8161,  0.000422082,  0.000316562,  0.000316562,  0.000316562
pgain_kernel_pim, 8162,  0.000425628,  0.000319221,  0.000319221,  0.000319221
pgain_kernel_pim, 8163,  0.000425926,  0.000319445,  0.000319445,  0.000319445
pgain_kernel_pim, 8164,  0.000423548,  0.000317661,  0.000317661,  0.000317661
pgain_kernel_pim, 8165,  0.000425409,  0.000319057,  0.000319057,  0.000319057
pgain_kernel_pim, 8166,  0.000425730,  0.000319298,  0.000319298,  0.000319298
pgain_kernel_pim, 8167,  0.000423568,  0.000317676,  0.000317676,  0.000317676
pgain_kernel_pim, 8168,  0.000425419,  0.000319064,  0.000319064,  0.000319064
pgain_kernel_pim, 8169,  0.000425740,  0.000319305,  0.000319305,  0.000319305
pgain_kernel_pim, 8170,  0.000423852,  0.000317889,  0.000317889,  0.000317889
pgain_kernel_pim, 8171,  0.000425822,  0.000319367,  0.000319367,  0.000319367
pgain_kernel_pim, 8172,  0.000430938,  0.000323203,  0.000323203,  0.000323203
pgain_kernel_pim, 8173,  0.000427371,  0.000320528,  0.000320528,  0.000320528
pgain_kernel_pim, 8174,  0.000425590,  0.000319193,  0.000319193,  0.000319193
pgain_kernel_pim, 8175,  0.000425907,  0.000319430,  0.000319430,  0.000319430
pgain_kernel_pim, 8176,  0.000426213,  0.000319659,  0.000319659,  0.000319659
pgain_kernel_pim, 8177,  0.000425148,  0.000318861,  0.000318861,  0.000318861
pgain_kernel_pim, 8178,  0.000425499,  0.000319125,  0.000319125,  0.000319125
pgain_kernel_pim, 8179,  0.000423673,  0.000317755,  0.000317755,  0.000317755
pgain_kernel_pim, 8180,  0.000424321,  0.000318241,  0.000318241,  0.000318241
pgain_kernel_pim, 8181,  0.000425888,  0.000319416,  0.000319416,  0.000319416
pgain_kernel_pim, 8182,  0.000422818,  0.000317113,  0.000317113,  0.000317113
pgain_kernel_pim, 8183,  0.000425455,  0.000319092,  0.000319092,  0.000319092
pgain_kernel_pim, 8184,  0.000430667,  0.000323000,  0.000323000,  0.000323000
pgain_kernel_pim, 8185,  0.000422204,  0.000316653,  0.000316653,  0.000316653
pgain_kernel_pim, 8186,  0.000425437,  0.000319078,  0.000319078,  0.000319078
pgain_kernel_pim, 8187,  0.000425854,  0.000319391,  0.000319391,  0.000319391
pgain_kernel_pim, 8188,  0.000423858,  0.000317894,  0.000317894,  0.000317894
pgain_kernel_pim, 8189,  0.000425678,  0.000319259,  0.000319259,  0.000319259
pgain_kernel_pim, 8190,  0.000425979,  0.000319485,  0.000319485,  0.000319485
pgain_kernel_pim, 8191,  0.000428361,  0.000321270,  0.000321270,  0.000321270
pgain_kernel_pim, 8192,  0.000425329,  0.000318997,  0.000318997,  0.000318997
pgain_kernel_pim, 8193,  0.000431029,  0.000323272,  0.000323272,  0.000323272
pgain_kernel_pim, 8194,  0.000422187,  0.000316640,  0.000316640,  0.000316640
pgain_kernel_pim, 8195,  0.000427118,  0.000320338,  0.000320338,  0.000320338
pgain_kernel_pim, 8196,  0.000425961,  0.000319470,  0.000319470,  0.000319470
pgain_kernel_pim, 8197,  0.000422307,  0.000316730,  0.000316730,  0.000316730
pgain_kernel_pim, 8198,  0.000425618,  0.000319214,  0.000319214,  0.000319214
pgain_kernel_pim, 8199,  0.000430271,  0.000322703,  0.000322703,  0.000322703
pgain_kernel_pim, 8200,  0.000422348,  0.000316761,  0.000316761,  0.000316761
pgain_kernel_pim, 8205,  0.000425556,  0.000319167,  0.000319167,  0.000319167
pgain_kernel_pim, 8226,  0.000425793,  0.000319345,  0.000319345,  0.000319345
pgain_kernel_pim, 8227,  0.000426255,  0.000319691,  0.000319691,  0.000319691
pgain_kernel_pim, 8228,  0.000425573,  0.000319180,  0.000319180,  0.000319180
pgain_kernel_pim, 8229,  0.000430801,  0.000323101,  0.000323101,  0.000323101
pgain_kernel_pim, 8230,  0.000422349,  0.000316762,  0.000316762,  0.000316762
pgain_kernel_pim, 8231,  0.000427400,  0.000320550,  0.000320550,  0.000320550
pgain_kernel_pim, 8232,  0.000425972,  0.000319479,  0.000319479,  0.000319479
pgain_kernel_pim, 8233,  0.000427322,  0.000320491,  0.000320491,  0.000320491
pgain_kernel_pim, 8234,  0.000425560,  0.000319170,  0.000319170,  0.000319170
pgain_kernel_pim, 8235,  0.000425852,  0.000319389,  0.000319389,  0.000319389
pgain_kernel_pim, 8236,  0.000425573,  0.000319179,  0.000319179,  0.000319179
pgain_kernel_pim, 8237,  0.000427128,  0.000320346,  0.000320346,  0.000320346
pgain_kernel_pim, 8250,  0.000425986,  0.000319490,  0.000319490,  0.000319490
pgain_kernel_pim, 8275,  0.000422338,  0.000316753,  0.000316753,  0.000316753
pgain_kernel_pim, 8281,  0.000425598,  0.000319199,  0.000319199,  0.000319199
pgain_kernel_pim, 8282,  0.000425941,  0.000319456,  0.000319456,  0.000319456
pgain_kernel_pim, 8283,  0.000426188,  0.000319641,  0.000319641,  0.000319641
pgain_kernel_pim, 8284,  0.000425684,  0.000319263,  0.000319263,  0.000319263
pgain_kernel_pim, 8285,  0.000426017,  0.000319512,  0.000319512,  0.000319512
pgain_kernel_pim, 8286,  0.000424062,  0.000318047,  0.000318047,  0.000318047
pgain_kernel_pim, 8287,  0.000425290,  0.000318967,  0.000318967,  0.000318967
pgain_kernel_pim, 8288,  0.000425679,  0.000319259,  0.000319259,  0.000319259
pgain_kernel_pim, 8289,  0.000423261,  0.000317446,  0.000317446,  0.000317446
pgain_kernel_pim, 8290,  0.000425729,  0.000319297,  0.000319297,  0.000319297
pgain_kernel_pim, 8291,  0.000425836,  0.000319377,  0.000319377,  0.000319377
pgain_kernel_pim, 8292,  0.000428357,  0.000321268,  0.000321268,  0.000321268
pgain_kernel_pim, 8293,  0.000427371,  0.000320528,  0.000320528,  0.000320528
pgain_kernel_pim, 8301,  0.000425893,  0.000319420,  0.000319420,  0.000319420
pgain_kernel_pim, 8302,  0.000422450,  0.000316838,  0.000316838,  0.000316838
pgain_kernel_pim, 8303,  0.000425533,  0.000319150,  0.000319150,  0.000319150
pgain_kernel_pim, 8304,  0.000432013,  0.000324010,  0.000324010,  0.000324010
pgain_kernel_pim, 8305,  0.000422353,  0.000316765,  0.000316765,  0.000316765
pgain_kernel_pim, 8306,  0.000425658,  0.000319244,  0.000319244,  0.000319244
pgain_kernel_pim, 8307,  0.000425867,  0.000319400,  0.000319400,  0.000319400
pgain_kernel_pim, 8308,  0.000426550,  0.000319913,  0.000319913,  0.000319913
pgain_kernel_pim, 8309,  0.000425287,  0.000318965,  0.000318965,  0.000318965
pgain_kernel_pim, 8310,  0.000431243,  0.000323432,  0.000323432,  0.000323432
pgain_kernel_pim, 8311,  0.000422135,  0.000316601,  0.000316601,  0.000316601
pgain_kernel_pim, 8312,  0.000425397,  0.000319047,  0.000319047,  0.000319047
pgain_kernel_pim, 8313,  0.000430573,  0.000322930,  0.000322930,  0.000322930
pgain_kernel_pim, 8314,  0.000422218,  0.000316664,  0.000316664,  0.000316664
pgain_kernel_pim, 8315,  0.000425325,  0.000318994,  0.000318994,  0.000318994
pgain_kernel_pim, 8316,  0.000425548,  0.000319161,  0.000319161,  0.000319161
pgain_kernel_pim, 8317,  0.000428622,  0.000321466,  0.000321466,  0.000321466
pgain_kernel_pim, 8318,  0.000425507,  0.000319130,  0.000319130,  0.000319130
pgain_kernel_pim, 8319,  0.000425830,  0.000319373,  0.000319373,  0.000319373
pgain_kernel_pim, 8320,  0.000425566,  0.000319174,  0.000319174,  0.000319174
pgain_kernel_pim, 8321,  0.000425575,  0.000319181,  0.000319181,  0.000319181
pgain_kernel_pim, 8322,  0.000425732,  0.000319299,  0.000319299,  0.000319299
pgain_kernel_pim, 8323,  0.000425494,  0.000319121,  0.000319121,  0.000319121
pgain_kernel_pim, 8324,  0.000425442,  0.000319082,  0.000319082,  0.000319082
pgain_kernel_pim, 8325,  0.000425871,  0.000319403,  0.000319403,  0.000319403
pgain_kernel_pim, 8326,  0.000423821,  0.000317866,  0.000317866,  0.000317866
pgain_kernel_pim, 8327,  0.000425529,  0.000319147,  0.000319147,  0.000319147
pgain_kernel_pim, 8328,  0.000425700,  0.000319275,  0.000319275,  0.000319275
pgain_kernel_pim, 8329,  0.000424079,  0.000318059,  0.000318059,  0.000318059
pgain_kernel_pim, 8330,  0.000425196,  0.000318897,  0.000318897,  0.000318897
pgain_kernel_pim, 8331,  0.000425538,  0.000319153,  0.000319153,  0.000319153
pgain_kernel_pim, 8332,  0.000423021,  0.000317266,  0.000317266,  0.000317266
pgain_kernel_pim, 8333,  0.000426287,  0.000319715,  0.000319715,  0.000319715
pgain_kernel_pim, 8334,  0.000425654,  0.000319240,  0.000319240,  0.000319240
pgain_kernel_pim, 8335,  0.000426874,  0.000320156,  0.000320156,  0.000320156
pgain_kernel_pim, 8336,  0.000425575,  0.000319181,  0.000319181,  0.000319181
pgain_kernel_pim, 8337,  0.000432403,  0.000324303,  0.000324303,  0.000324303
pgain_kernel_pim, 8338,  0.000422415,  0.000316811,  0.000316811,  0.000316811
pgain_kernel_pim, 8339,  0.000425656,  0.000319242,  0.000319242,  0.000319242
pgain_kernel_pim, 8340,  0.000425850,  0.000319388,  0.000319388,  0.000319388
pgain_kernel_pim, 8341,  0.000423397,  0.000317548,  0.000317548,  0.000317548
pgain_kernel_pim, 8342,  0.000425728,  0.000319296,  0.000319296,  0.000319296
pgain_kernel_pim, 8343,  0.000426027,  0.000319520,  0.000319520,  0.000319520
pgain_kernel_pim, 8344,  0.000424706,  0.000318530,  0.000318530,  0.000318530
pgain_kernel_pim, 8345,  0.000425732,  0.000319299,  0.000319299,  0.000319299
pgain_kernel_pim, 8346,  0.000430853,  0.000323139,  0.000323139,  0.000323139
pgain_kernel_pim, 8347,  0.000422407,  0.000316805,  0.000316805,  0.000316805
pgain_kernel_pim, 8348,  0.000425661,  0.000319246,  0.000319246,  0.000319246
pgain_kernel_pim, 8349,  0.000425864,  0.000319398,  0.000319398,  0.000319398
pgain_kernel_pim, 8350,  0.000426354,  0.000319765,  0.000319765,  0.000319765
pgain_kernel_pim, 8351,  0.000427298,  0.000320474,  0.000320474,  0.000320474
pgain_kernel_pim, 8352,  0.000425964,  0.000319473,  0.000319473,  0.000319473
pgain_kernel_pim, 8353,  0.000428173,  0.000321130,  0.000321130,  0.000321130
pgain_kernel_pim, 8354,  0.000425079,  0.000318809,  0.000318809,  0.000318809
pgain_kernel_pim, 8355,  0.000429357,  0.000322018,  0.000322018,  0.000322018
pgain_kernel_pim, 8356,  0.000422004,  0.000316503,  0.000316503,  0.000316503
pgain_kernel_pim, 8357,  0.000425705,  0.000319278,  0.000319278,  0.000319278
pgain_kernel_pim, 8358,  0.000425907,  0.000319430,  0.000319430,  0.000319430
pgain_kernel_pim, 8359,  0.000423606,  0.000317704,  0.000317704,  0.000317704
pgain_kernel_pim, 8360,  0.000427117,  0.000320337,  0.000320337,  0.000320337
pgain_kernel_pim, 8361,  0.000425849,  0.000319387,  0.000319387,  0.000319387
pgain_kernel_pim, 8362,  0.000422336,  0.000316752,  0.000316752,  0.000316752
pgain_kernel_pim, 8363,  0.000425507,  0.000319130,  0.000319130,  0.000319130
pgain_kernel_pim, 8364,  0.000425851,  0.000319388,  0.000319388,  0.000319388
pgain_kernel_pim, 8365,  0.000426408,  0.000319806,  0.000319806,  0.000319806
pgain_kernel_pim, 8366,  0.000425239,  0.000318929,  0.000318929,  0.000318929
pgain_kernel_pim, 8367,  0.000430950,  0.000323212,  0.000323212,  0.000323212
pgain_kernel_pim, 8368,  0.000421979,  0.000316484,  0.000316484,  0.000316484
pgain_kernel_pim, 8369,  0.000425388,  0.000319041,  0.000319041,  0.000319041
pgain_kernel_pim, 8370,  0.000425778,  0.000319333,  0.000319333,  0.000319333
pgain_kernel_pim, 8371,  0.000428163,  0.000321123,  0.000321123,  0.000321123
pgain_kernel_pim, 8372,  0.000425432,  0.000319074,  0.000319074,  0.000319074
pgain_kernel_pim, 8373,  0.000431362,  0.000323521,  0.000323521,  0.000323521
pgain_kernel_pim, 8374,  0.000422273,  0.000316705,  0.000316705,  0.000316705
pgain_kernel_pim, 8375,  0.000425719,  0.000319289,  0.000319289,  0.000319289
pgain_kernel_pim, 8376,  0.000425961,  0.000319471,  0.000319471,  0.000319471
pgain_kernel_pim, 8377,  0.000424389,  0.000318292,  0.000318292,  0.000318292
pgain_kernel_pim, 8378,  0.000427211,  0.000320408,  0.000320408,  0.000320408
pgain_kernel_pim, 8379,  0.000425876,  0.000319407,  0.000319407,  0.000319407
pgain_kernel_pim, 8380,  0.000422268,  0.000316701,  0.000316701,  0.000316701
pgain_kernel_pim, 8381,  0.000425601,  0.000319200,  0.000319200,  0.000319200
pgain_kernel_pim, 8382,  0.000431252,  0.000323439,  0.000323439,  0.000323439
pgain_kernel_pim, 8384,  0.000422343,  0.000316758,  0.000316758,  0.000316758
pgain_kernel_pim, 8385,  0.000425122,  0.000318841,  0.000318841,  0.000318841
pgain_kernel_pim, 8386,  0.000425421,  0.000319065,  0.000319065,  0.000319065
pgain_kernel_pim, 8387,  0.000425100,  0.000318825,  0.000318825,  0.000318825
pgain_kernel_pim, 8388,  0.000425744,  0.000319308,  0.000319308,  0.000319308
pgain_kernel_pim, 8389,  0.000425985,  0.000319488,  0.000319488,  0.000319488
pgain_kernel_pim, 8390,  0.000428392,  0.000321294,  0.000321294,  0.000321294
pgain_kernel_pim, 8391,  0.000426890,  0.000320167,  0.000320167,  0.000320167
pgain_kernel_pim, 8392,  0.000425730,  0.000319297,  0.000319297,  0.000319297
pgain_kernel_pim, 8393,  0.000422217,  0.000316663,  0.000316663,  0.000316663
pgain_kernel_pim, 8394,  0.000425394,  0.000319046,  0.000319046,  0.000319046
pgain_kernel_pim, 8395,  0.000425760,  0.000319320,  0.000319320,  0.000319320
pgain_kernel_pim, 8396,  0.000423812,  0.000317859,  0.000317859,  0.000317859
pgain_kernel_pim, 8397,  0.000425472,  0.000319104,  0.000319104,  0.000319104
pgain_kernel_pim, 8398,  0.000425748,  0.000319311,  0.000319311,  0.000319311
pgain_kernel_pim, 8399,  0.000424121,  0.000318090,  0.000318090,  0.000318090
pgain_kernel_pim, 8400,  0.000425199,  0.000318900,  0.000318900,  0.000318900
pgain_kernel_pim, 8401,  0.000431234,  0.000323426,  0.000323426,  0.000323426
pgain_kernel_pim, 8402,  0.000422218,  0.000316663,  0.000316663,  0.000316663
pgain_kernel_pim, 8403,  0.000426531,  0.000319898,  0.000319898,  0.000319898
pgain_kernel_pim, 8404,  0.000425733,  0.000319299,  0.000319299,  0.000319299
pgain_kernel_pim, 8405,  0.000422058,  0.000316544,  0.000316544,  0.000316544
pgain_kernel_pim, 8406,  0.000425665,  0.000319248,  0.000319248,  0.000319248
pgain_kernel_pim, 8407,  0.000425866,  0.000319400,  0.000319400,  0.000319400
pgain_kernel_pim, 8408,  0.000429006,  0.000321755,  0.000321755,  0.000321755
pgain_kernel_pim, 8409,  0.000425669,  0.000319252,  0.000319252,  0.000319252
pgain_kernel_pim, 8410,  0.000425829,  0.000319372,  0.000319372,  0.000319372
pgain_kernel_pim, 8411,  0.000428530,  0.000321398,  0.000321398,  0.000321398
pgain_kernel_pim, 8412,  0.000425564,  0.000319173,  0.000319173,  0.000319173
pgain_kernel_pim, 8413,  0.000425874,  0.000319406,  0.000319406,  0.000319406
pgain_kernel_pim, 8414,  0.000425117,  0.000318837,  0.000318837,  0.000318837
pgain_kernel_pim, 8415,  0.000425750,  0.000319313,  0.000319313,  0.000319313
pgain_kernel_pim, 8416,  0.000431164,  0.000323373,  0.000323373,  0.000323373
pgain_kernel_pim, 8417,  0.000422363,  0.000316772,  0.000316772,  0.000316772
pgain_kernel_pim, 8418,  0.000425801,  0.000319350,  0.000319350,  0.000319350
pgain_kernel_pim, 8419,  0.000425895,  0.000319422,  0.000319422,  0.000319422
pgain_kernel_pim, 8420,  0.000426113,  0.000319585,  0.000319585,  0.000319585
pgain_kernel_pim, 8421,  0.000425421,  0.000319066,  0.000319066,  0.000319066
pgain_kernel_pim, 8422,  0.000425665,  0.000319249,  0.000319249,  0.000319249
pgain_kernel_pim, 8423,  0.000425598,  0.000319199,  0.000319199,  0.000319199
pgain_kernel_pim, 8424,  0.000426460,  0.000319845,  0.000319845,  0.000319845
pgain_kernel_pim, 8425,  0.000425745,  0.000319308,  0.000319308,  0.000319308
pgain_kernel_pim, 8426,  0.000426906,  0.000320179,  0.000320179,  0.000320179
pgain_kernel_pim, 8427,  0.000425289,  0.000318967,  0.000318967,  0.000318967
pgain_kernel_pim, 8428,  0.000431573,  0.000323680,  0.000323680,  0.000323680
pgain_kernel_pim, 8429,  0.000422257,  0.000316693,  0.000316693,  0.000316693
pgain_kernel_pim, 8430,  0.000425610,  0.000319208,  0.000319208,  0.000319208
pgain_kernel_pim, 8431,  0.000425862,  0.000319396,  0.000319396,  0.000319396
pgain_kernel_pim, 8432,  0.000425581,  0.000319185,  0.000319185,  0.000319185
pgain_kernel_pim, 8433,  0.000425537,  0.000319153,  0.000319153,  0.000319153
pgain_kernel_pim, 8434,  0.000425796,  0.000319347,  0.000319347,  0.000319347
pgain_kernel_pim, 8435,  0.000425838,  0.000319379,  0.000319379,  0.000319379
pgain_kernel_pim, 8437,  0.000425386,  0.000319040,  0.000319040,  0.000319040
pgain_kernel_pim, 8438,  0.000425775,  0.000319331,  0.000319331,  0.000319331
pgain_kernel_pim, 8439,  0.000423464,  0.000317598,  0.000317598,  0.000317598
pgain_kernel_pim, 8440,  0.000426334,  0.000319750,  0.000319750,  0.000319750
pgain_kernel_pim, 8441,  0.000425622,  0.000319217,  0.000319217,  0.000319217
pgain_kernel_pim, 8442,  0.000422031,  0.000316523,  0.000316523,  0.000316523
pgain_kernel_pim, 8443,  0.000425661,  0.000319246,  0.000319246,  0.000319246
pgain_kernel_pim, 8444,  0.000426018,  0.000319513,  0.000319513,  0.000319513
pgain_kernel_pim, 8445,  0.000428500,  0.000321375,  0.000321375,  0.000321375
pgain_kernel_pim, 8446,  0.000425321,  0.000318990,  0.000318990,  0.000318990
pgain_kernel_pim, 8447,  0.000425768,  0.000319326,  0.000319326,  0.000319326
pgain_kernel_pim, 8448,  0.000424698,  0.000318523,  0.000318523,  0.000318523
pgain_kernel_pim, 8449,  0.000425368,  0.000319026,  0.000319026,  0.000319026
pgain_kernel_pim, 8450,  0.000425786,  0.000319340,  0.000319340,  0.000319340
pgain_kernel_pim, 8451,  0.000424078,  0.000318058,  0.000318058,  0.000318058
pgain_kernel_pim, 8452,  0.000425748,  0.000319311,  0.000319311,  0.000319311
pgain_kernel_pim, 8453,  0.000431795,  0.000323846,  0.000323846,  0.000323846
pgain_kernel_pim, 8454,  0.000422395,  0.000316796,  0.000316796,  0.000316796
pgain_kernel_pim, 8455,  0.000425667,  0.000319250,  0.000319250,  0.000319250
pgain_kernel_pim, 8456,  0.000425926,  0.000319445,  0.000319445,  0.000319445
pgain_kernel_pim, 8457,  0.000424890,  0.000318668,  0.000318668,  0.000318668
pgain_kernel_pim, 8458,  0.000425235,  0.000318926,  0.000318926,  0.000318926
pgain_kernel_pim, 8459,  0.000425647,  0.000319235,  0.000319235,  0.000319235
pgain_kernel_pim, 8460,  0.000422724,  0.000317043,  0.000317043,  0.000317043
pgain_kernel_pim, 8461,  0.000425289,  0.000318967,  0.000318967,  0.000318967
pgain_kernel_pim, 8462,  0.000425957,  0.000319467,  0.000319467,  0.000319467
pgain_kernel_pim, 8463,  0.000425818,  0.000319363,  0.000319363,  0.000319363
pgain_kernel_pim, 8464,  0.000425546,  0.000319160,  0.000319160,  0.000319160
pgain_kernel_pim, 8465,  0.000431095,  0.000323321,  0.000323321,  0.000323321
pgain_kernel_pim, 8466,  0.000422352,  0.000316764,  0.000316764,  0.000316764
pgain_kernel_pim, 8467,  0.000425409,  0.000319057,  0.000319057,  0.000319057
pgain_kernel_pim, 8468,  0.000425943,  0.000319457,  0.000319457,  0.000319457
pgain_kernel_pim, 8469,  0.000423922,  0.000317942,  0.000317942,  0.000317942
pgain_kernel_pim, 8470,  0.000425542,  0.000319157,  0.000319157,  0.000319157
pgain_kernel_pim, 8471,  0.000425885,  0.000319414,  0.000319414,  0.000319414
pgain_kernel_pim, 8472,  0.000423937,  0.000317953,  0.000317953,  0.000317953
pgain_kernel_pim, 8473,  0.000425408,  0.000319056,  0.000319056,  0.000319056
pgain_kernel_pim, 8474,  0.000430402,  0.000322802,  0.000322802,  0.000322802
pgain_kernel_pim, 8475,  0.000422265,  0.000316699,  0.000316699,  0.000316699
pgain_kernel_pim, 8476,  0.000427158,  0.000320368,  0.000320368,  0.000320368
pgain_kernel_pim, 8477,  0.000425861,  0.000319396,  0.000319396,  0.000319396
pgain_kernel_pim, 8478,  0.000422319,  0.000316740,  0.000316740,  0.000316740
pgain_kernel_pim, 8479,  0.000425743,  0.000319307,  0.000319307,  0.000319307
pgain_kernel_pim, 8480,  0.000432391,  0.000324293,  0.000324293,  0.000324293
pgain_kernel_pim, 8481,  0.000427366,  0.000320525,  0.000320525,  0.000320525
pgain_kernel_pim, 8482,  0.000425478,  0.000319108,  0.000319108,  0.000319108
pgain_kernel_pim, 8483,  0.000425851,  0.000319388,  0.000319388,  0.000319388
pgain_kernel_pim, 8484,  0.000426209,  0.000319657,  0.000319657,  0.000319657
pgain_kernel_pim, 8485,  0.000425629,  0.000319222,  0.000319222,  0.000319222
pgain_kernel_pim, 8486,  0.000431380,  0.000323535,  0.000323535,  0.000323535
pgain_kernel_pim, 8487,  0.000422427,  0.000316820,  0.000316820,  0.000316820
pgain_kernel_pim, 8488,  0.000427439,  0.000320579,  0.000320579,  0.000320579
pgain_kernel_pim, 8489,  0.000425864,  0.000319398,  0.000319398,  0.000319398
pgain_kernel_pim, 8490,  0.000422536,  0.000316902,  0.000316902,  0.000316902
pgain_kernel_pim, 8491,  0.000425570,  0.000319178,  0.000319178,  0.000319178
pgain_kernel_pim, 8492,  0.000425904,  0.000319428,  0.000319428,  0.000319428
pgain_kernel_pim, 8493,  0.000425698,  0.000319273,  0.000319273,  0.000319273
pgain_kernel_pim, 8494,  0.000427194,  0.000320396,  0.000320396,  0.000320396
pgain_kernel_pim, 8495,  0.000425835,  0.000319376,  0.000319376,  0.000319376
pgain_kernel_pim, 8496,  0.000422381,  0.000316786,  0.000316786,  0.000316786
pgain_kernel_pim, 8497,  0.000425759,  0.000319320,  0.000319320,  0.000319320
pgain_kernel_pim, 8498,  0.000425881,  0.000319410,  0.000319410,  0.000319410
pgain_kernel_pim, 8499,  0.000429945,  0.000322459,  0.000322459,  0.000322459
pgain_kernel_pim, 8500,  0.000425579,  0.000319184,  0.000319184,  0.000319184
pgain_kernel_pim, 8501,  0.000425918,  0.000319438,  0.000319438,  0.000319438
pgain_kernel_pim, 8502,  0.000424172,  0.000318129,  0.000318129,  0.000318129
pgain_kernel_pim, 8503,  0.000425299,  0.000318974,  0.000318974,  0.000318974
pgain_kernel_pim, 8504,  0.000425676,  0.000319257,  0.000319257,  0.000319257
pgain_kernel_pim, 8505,  0.000424169,  0.000318127,  0.000318127,  0.000318127
pgain_kernel_pim, 8506,  0.000425490,  0.000319118,  0.000319118,  0.000319118
pgain_kernel_pim, 8507,  0.000425831,  0.000319373,  0.000319373,  0.000319373
pgain_kernel_pim, 8508,  0.000424454,  0.000318340,  0.000318340,  0.000318340
pgain_kernel_pim, 8509,  0.000427306,  0.000320480,  0.000320480,  0.000320480
pgain_kernel_pim, 8510,  0.000425892,  0.000319419,  0.000319419,  0.000319419
pgain_kernel_pim, 8511,  0.000422342,  0.000316756,  0.000316756,  0.000316756
pgain_kernel_pim, 8512,  0.000425500,  0.000319125,  0.000319125,  0.000319125
pgain_kernel_pim, 8513,  0.000431246,  0.000323434,  0.000323434,  0.000323434
pgain_kernel_pim, 8514,  0.000422392,  0.000316794,  0.000316794,  0.000316794
pgain_kernel_pim, 8515,  0.000425922,  0.000319441,  0.000319441,  0.000319441
pgain_kernel_pim, 8516,  0.000425826,  0.000319369,  0.000319369,  0.000319369
pgain_kernel_pim, 8517,  0.000430980,  0.000323235,  0.000323235,  0.000323235
pgain_kernel_pim, 8518,  0.000425336,  0.000319002,  0.000319002,  0.000319002
pgain_kernel_pim, 8519,  0.000431209,  0.000323407,  0.000323407,  0.000323407
pgain_kernel_pim, 8520,  0.000422151,  0.000316613,  0.000316613,  0.000316613
pgain_kernel_pim, 8521,  0.000425386,  0.000319040,  0.000319040,  0.000319040
pgain_kernel_pim, 8522,  0.000430659,  0.000322995,  0.000322995,  0.000322995
pgain_kernel_pim, 8523,  0.000422202,  0.000316652,  0.000316652,  0.000316652
pgain_kernel_pim, 8524,  0.000425370,  0.000319027,  0.000319027,  0.000319027
pgain_kernel_pim, 8525,  0.000425716,  0.000319287,  0.000319287,  0.000319287
pgain_kernel_pim, 8526,  0.000423667,  0.000317750,  0.000317750,  0.000317750
pgain_kernel_pim, 8527,  0.000425651,  0.000319238,  0.000319238,  0.000319238
pgain_kernel_pim, 8528,  0.000425956,  0.000319467,  0.000319467,  0.000319467
pgain_kernel_pim, 8529,  0.000426354,  0.000319766,  0.000319766,  0.000319766
pgain_kernel_pim, 8530,  0.000425499,  0.000319124,  0.000319124,  0.000319124
pgain_kernel_pim, 8531,  0.000425762,  0.000319321,  0.000319321,  0.000319321
pgain_kernel_pim, 8532,  0.000426187,  0.000319640,  0.000319640,  0.000319640
pgain_kernel_pim, 8533,  0.000425512,  0.000319134,  0.000319134,  0.000319134
pgain_kernel_pim, 8534,  0.000425942,  0.000319456,  0.000319456,  0.000319456
pgain_kernel_pim, 8535,  0.000428863,  0.000321647,  0.000321647,  0.000321647
pgain_kernel_pim, 8537,  0.000425887,  0.000319415,  0.000319415,  0.000319415
pgain_kernel_pim, 8538,  0.000425732,  0.000319299,  0.000319299,  0.000319299
pgain_kernel_pim, 8539,  0.000423794,  0.000317845,  0.000317845,  0.000317845
pgain_kernel_pim, 8540,  0.000425198,  0.000318898,  0.000318898,  0.000318898
pgain_kernel_pim, 8541,  0.000425608,  0.000319206,  0.000319206,  0.000319206
pgain_kernel_pim, 8542,  0.000423847,  0.000317885,  0.000317885,  0.000317885
pgain_kernel_pim, 8543,  0.000426330,  0.000319748,  0.000319748,  0.000319748
pgain_kernel_pim, 8544,  0.000425626,  0.000319220,  0.000319220,  0.000319220
pgain_kernel_pim, 8545,  0.000421922,  0.000316442,  0.000316442,  0.000316442
pgain_kernel_pim, 8546,  0.000425616,  0.000319212,  0.000319212,  0.000319212
pgain_kernel_pim, 8547,  0.000430826,  0.000323119,  0.000323119,  0.000323119
pgain_kernel_pim, 8548,  0.000422380,  0.000316785,  0.000316785,  0.000316785
pgain_kernel_pim, 8549,  0.000425703,  0.000319277,  0.000319277,  0.000319277
pgain_kernel_pim, 8550,  0.000426036,  0.000319527,  0.000319527,  0.000319527
pgain_kernel_pim, 8551,  0.000423367,  0.000317525,  0.000317525,  0.000317525
pgain_kernel_pim, 8552,  0.000425650,  0.000319238,  0.000319238,  0.000319238
pgain_kernel_pim, 8553,  0.000425923,  0.000319443,  0.000319443,  0.000319443
pgain_kernel_pim, 8554,  0.000428422,  0.000321316,  0.000321316,  0.000321316
pgain_kernel_pim, 8555,  0.000425602,  0.000319201,  0.000319201,  0.000319201
pgain_kernel_pim, 8556,  0.000431481,  0.000323610,  0.000323610,  0.000323610
pgain_kernel_pim, 8557,  0.000422409,  0.000316807,  0.000316807,  0.000316807
pgain_kernel_pim, 8558,  0.000425671,  0.000319253,  0.000319253,  0.000319253
pgain_kernel_pim, 8559,  0.000425775,  0.000319331,  0.000319331,  0.000319331
pgain_kernel_pim, 8560,  0.000426129,  0.000319597,  0.000319597,  0.000319597
pgain_kernel_pim, 8561,  0.000427313,  0.000320485,  0.000320485,  0.000320485
pgain_kernel_pim, 8562,  0.000425982,  0.000319486,  0.000319486,  0.000319486
pgain_kernel_pim, 8563,  0.000422430,  0.000316823,  0.000316823,  0.000316823
pgain_kernel_pim, 8564,  0.000425173,  0.000318880,  0.000318880,  0.000318880
pgain_kernel_pim, 8565,  0.000432296,  0.000324222,  0.000324222,  0.000324222
pgain_kernel_pim, 8566,  0.000422121,  0.000316590,  0.000316590,  0.000316590
pgain_kernel_pim, 8567,  0.000425488,  0.000319116,  0.000319116,  0.000319116
pgain_kernel_pim, 8568,  0.000425971,  0.000319478,  0.000319478,  0.000319478
pgain_kernel_pim, 8569,  0.000423714,  0.000317785,  0.000317785,  0.000317785
pgain_kernel_pim, 8570,  0.000427084,  0.000320313,  0.000320313,  0.000320313
pgain_kernel_pim, 8571,  0.000425802,  0.000319351,  0.000319351,  0.000319351
pgain_kernel_pim, 8572,  0.000427309,  0.000320482,  0.000320482,  0.000320482
pgain_kernel_pim, 8573,  0.000425508,  0.000319131,  0.000319131,  0.000319131
pgain_kernel_pim, 8574,  0.000425833,  0.000319375,  0.000319375,  0.000319375
pgain_kernel_pim, 8575,  0.000425932,  0.000319449,  0.000319449,  0.000319449
pgain_kernel_pim, 8576,  0.000425261,  0.000318945,  0.000318945,  0.000318945
pgain_kernel_pim, 8577,  0.000430227,  0.000322670,  0.000322670,  0.000322670
pgain_kernel_pim, 8578,  0.000422014,  0.000316510,  0.000316510,  0.000316510
pgain_kernel_pim, 8579,  0.000425765,  0.000319324,  0.000319324,  0.000319324
pgain_kernel_pim, 8580,  0.000425841,  0.000319381,  0.000319381,  0.000319381
pgain_kernel_pim, 8581,  0.000423447,  0.000317585,  0.000317585,  0.000317585
pgain_kernel_pim, 8582,  0.000425364,  0.000319023,  0.000319023,  0.000319023
pgain_kernel_pim, 8583,  0.000430468,  0.000322851,  0.000322851,  0.000322851
pgain_kernel_pim, 8584,  0.000422213,  0.000316660,  0.000316660,  0.000316660
pgain_kernel_pim, 8585,  0.000425708,  0.000319281,  0.000319281,  0.000319281
pgain_kernel_pim, 8586,  0.000425973,  0.000319480,  0.000319480,  0.000319480
pgain_kernel_pim, 8587,  0.000424742,  0.000318557,  0.000318557,  0.000318557
pgain_kernel_pim, 8588,  0.000427166,  0.000320375,  0.000320375,  0.000320375
pgain_kernel_pim, 8589,  0.000425842,  0.000319381,  0.000319381,  0.000319381
pgain_kernel_pim, 8590,  0.000427283,  0.000320462,  0.000320462,  0.000320462
pgain_kernel_pim, 8591,  0.000425558,  0.000319169,  0.000319169,  0.000319169
pgain_kernel_pim, 8592,  0.000431414,  0.000323560,  0.000323560,  0.000323560
pgain_kernel_pim, 8593,  0.000422298,  0.000316724,  0.000316724,  0.000316724
pgain_kernel_pim, 8594,  0.000425169,  0.000318877,  0.000318877,  0.000318877
pgain_kernel_pim, 8595,  0.000425539,  0.000319155,  0.000319155,  0.000319155
pgain_kernel_pim, 8596,  0.000425137,  0.000318853,  0.000318853,  0.000318853
pgain_kernel_pim, 8597,  0.000425597,  0.000319198,  0.000319198,  0.000319198
pgain_kernel_pim, 8598,  0.000425820,  0.000319365,  0.000319365,  0.000319365
pgain_kernel_pim, 8599,  0.000424111,  0.000318083,  0.000318083,  0.000318083
pgain_kernel_pim, 8600,  0.000426867,  0.000320150,  0.000320150,  0.000320150
pgain_kernel_pim, 8601,  0.000425697,  0.000319273,  0.000319273,  0.000319273
pgain_kernel_pim, 8602,  0.000422128,  0.000316596,  0.000316596,  0.000316596
pgain_kernel_pim, 8603,  0.000425343,  0.000319008,  0.000319008,  0.000319008
pgain_kernel_pim, 8604,  0.000425743,  0.000319307,  0.000319307,  0.000319307
pgain_kernel_pim, 8605,  0.000423716,  0.000317787,  0.000317787,  0.000317787
pgain_kernel_pim, 8606,  0.000425626,  0.000319220,  0.000319220,  0.000319220
pgain_kernel_pim, 8607,  0.000425866,  0.000319399,  0.000319399,  0.000319399
pgain_kernel_pim, 8608,  0.000428382,  0.000321286,  0.000321286,  0.000321286
pgain_kernel_pim, 8609,  0.000425120,  0.000318840,  0.000318840,  0.000318840
pgain_kernel_pim, 8610,  0.000431438,  0.000323578,  0.000323578,  0.000323578
pgain_kernel_pim, 8611,  0.000422344,  0.000316758,  0.000316758,  0.000316758
pgain_kernel_pim, 8612,  0.000426468,  0.000319851,  0.000319851,  0.000319851
pgain_kernel_pim, 8613,  0.000425652,  0.000319239,  0.000319239,  0.000319239
pgain_kernel_pim, 8614,  0.000421966,  0.000316475,  0.000316475,  0.000316475
pgain_kernel_pim, 8615,  0.000425487,  0.000319115,  0.000319115,  0.000319115
pgain_kernel_pim, 8616,  0.000425966,  0.000319474,  0.000319474,  0.000319474
pgain_kernel_pim, 8617,  0.000424820,  0.000318615,  0.000318615,  0.000318615
pgain_kernel_pim, 8618,  0.000425748,  0.000319311,  0.000319311,  0.000319311
pgain_kernel_pim, 8619,  0.000425928,  0.000319446,  0.000319446,  0.000319446
pgain_kernel_pim, 8620,  0.000425629,  0.000319222,  0.000319222,  0.000319222
pgain_kernel_pim, 8621,  0.000425534,  0.000319150,  0.000319150,  0.000319150
pgain_kernel_pim, 8622,  0.000425949,  0.000319462,  0.000319462,  0.000319462
pgain_kernel_pim, 8623,  0.000425412,  0.000319059,  0.000319059,  0.000319059
pgain_kernel_pim, 8624,  0.000425505,  0.000319128,  0.000319128,  0.000319128
pgain_kernel_pim, 8625,  0.000430838,  0.000323128,  0.000323128,  0.000323128
pgain_kernel_pim, 8626,  0.000427378,  0.000320533,  0.000320533,  0.000320533
pgain_kernel_pim, 8627,  0.000426549,  0.000319912,  0.000319912,  0.000319912
pgain_kernel_pim, 8628,  0.000425951,  0.000319463,  0.000319463,  0.000319463
pgain_kernel_pim, 8629,  0.000424897,  0.000318673,  0.000318673,  0.000318673
pgain_kernel_pim, 8630,  0.000425406,  0.000319055,  0.000319055,  0.000319055
pgain_kernel_pim, 8631,  0.000425834,  0.000319375,  0.000319375,  0.000319375
pgain_kernel_pim, 8632,  0.000424527,  0.000318395,  0.000318395,  0.000318395
pgain_kernel_pim, 8633,  0.000426465,  0.000319848,  0.000319848,  0.000319848
pgain_kernel_pim, 8634,  0.000425586,  0.000319190,  0.000319190,  0.000319190
pgain_kernel_pim, 8635,  0.000422009,  0.000316507,  0.000316507,  0.000316507
pgain_kernel_pim, 8636,  0.000425283,  0.000318962,  0.000318962,  0.000318962
pgain_kernel_pim, 8637,  0.000430752,  0.000323064,  0.000323064,  0.000323064
pgain_kernel_pim, 8638,  0.000422211,  0.000316658,  0.000316658,  0.000316658
pgain_kernel_pim, 8639,  0.000425554,  0.000319165,  0.000319165,  0.000319165
pgain_kernel_pim, 8640,  0.000425837,  0.000319378,  0.000319378,  0.000319378
pgain_kernel_pim, 8641,  0.000425464,  0.000319098,  0.000319098,  0.000319098
pgain_kernel_pim, 8642,  0.000425421,  0.000319066,  0.000319066,  0.000319066
pgain_kernel_pim, 8643,  0.000425799,  0.000319350,  0.000319350,  0.000319350
pgain_kernel_pim, 8644,  0.000430128,  0.000322596,  0.000322596,  0.000322596
pgain_kernel_pim, 8645,  0.000425307,  0.000318980,  0.000318980,  0.000318980
pgain_kernel_pim, 8646,  0.000425729,  0.000319297,  0.000319297,  0.000319297
pgain_kernel_pim, 8647,  0.000423646,  0.000317735,  0.000317735,  0.000317735
pgain_kernel_pim, 8648,  0.000426301,  0.000319725,  0.000319725,  0.000319725
pgain_kernel_pim, 8649,  0.000425645,  0.000319234,  0.000319234,  0.000319234
pgain_kernel_pim, 8650,  0.000421999,  0.000316500,  0.000316500,  0.000316500
pgain_kernel_pim, 8651,  0.000425587,  0.000319190,  0.000319190,  0.000319190
pgain_kernel_pim, 8652,  0.000425951,  0.000319463,  0.000319463,  0.000319463
pgain_kernel_pim, 8653,  0.000423478,  0.000317608,  0.000317608,  0.000317608
pgain_kernel_pim, 8654,  0.000425313,  0.000318985,  0.000318985,  0.000318985
pgain_kernel_pim, 8655,  0.000425728,  0.000319296,  0.000319296,  0.000319296
pgain_kernel_pim, 8656,  0.000423856,  0.000317892,  0.000317892,  0.000317892
pgain_kernel_pim, 8657,  0.000425443,  0.000319082,  0.000319082,  0.000319082
pgain_kernel_pim, 8658,  0.000425822,  0.000319367,  0.000319367,  0.000319367
pgain_kernel_pim, 8659,  0.000424639,  0.000318480,  0.000318480,  0.000318480
pgain_kernel_pim, 8660,  0.000426309,  0.000319732,  0.000319732,  0.000319732
pgain_kernel_pim, 8661,  0.000425651,  0.000319238,  0.000319238,  0.000319238
pgain_kernel_pim, 8662,  0.000426924,  0.000320193,  0.000320193,  0.000320193
pgain_kernel_pim, 8663,  0.000426452,  0.000319839,  0.000319839,  0.000319839
pgain_kernel_pim, 8664,  0.000425602,  0.000319201,  0.000319201,  0.000319201
pgain_kernel_pim, 8665,  0.000421990,  0.000316492,  0.000316492,  0.000316492
pgain_kernel_pim, 8666,  0.000425128,  0.000318846,  0.000318846,  0.000318846
pgain_kernel_pim, 8667,  0.000425513,  0.000319135,  0.000319135,  0.000319135
pgain_kernel_pim, 8668,  0.000423084,  0.000317313,  0.000317313,  0.000317313
pgain_kernel_pim, 8669,  0.000425306,  0.000318979,  0.000318979,  0.000318979
pgain_kernel_pim, 8670,  0.000425719,  0.000319289,  0.000319289,  0.000319289
pgain_kernel_pim, 8671,  0.000423314,  0.000317486,  0.000317486,  0.000317486
pgain_kernel_pim, 8672,  0.000427068,  0.000320301,  0.000320301,  0.000320301
pgain_kernel_pim, 8673,  0.000425786,  0.000319340,  0.000319340,  0.000319340
pgain_kernel_pim, 8674,  0.000422328,  0.000316746,  0.000316746,  0.000316746
pgain_kernel_pim, 8675,  0.000425525,  0.000319144,  0.000319144,  0.000319144
pgain_kernel_pim, 8676,  0.000425762,  0.000319322,  0.000319322,  0.000319322
pgain_kernel_pim, 8677,  0.000426122,  0.000319591,  0.000319591,  0.000319591
pgain_kernel_pim, 8678,  0.000425673,  0.000319255,  0.000319255,  0.000319255
pgain_kernel_pim, 8679,  0.000425854,  0.000319391,  0.000319391,  0.000319391
pgain_kernel_pim, 8680,  0.000431441,  0.000323581,  0.000323581,  0.000323581
pgain_kernel_pim, 8681,  0.000425446,  0.000319084,  0.000319084,  0.000319084
pgain_kernel_pim, 8682,  0.000425730,  0.000319297,  0.000319297,  0.000319297
pgain_kernel_pim, 8683,  0.000423726,  0.000317794,  0.000317794,  0.000317794
pgain_kernel_pim, 8684,  0.000425615,  0.000319212,  0.000319212,  0.000319212
pgain_kernel_pim, 8685,  0.000430388,  0.000322791,  0.000322791,  0.000322791
pgain_kernel_pim, 8686,  0.000422426,  0.000316820,  0.000316820,  0.000316820
pgain_kernel_pim, 8687,  0.000425302,  0.000318976,  0.000318976,  0.000318976
pgain_kernel_pim, 8688,  0.000430041,  0.000322531,  0.000322531,  0.000322531
pgain_kernel_pim, 8689,  0.000422287,  0.000316715,  0.000316715,  0.000316715
pgain_kernel_pim, 8690,  0.000425452,  0.000319089,  0.000319089,  0.000319089
pgain_kernel_pim, 8691,  0.000425823,  0.000319367,  0.000319367,  0.000319367
pgain_kernel_pim, 8692,  0.000424740,  0.000318555,  0.000318555,  0.000318555
pgain_kernel_pim, 8693,  0.000425612,  0.000319209,  0.000319209,  0.000319209
pgain_kernel_pim, 8694,  0.000425952,  0.000319464,  0.000319464,  0.000319464
pgain_kernel_pim, 8695,  0.000423655,  0.000317741,  0.000317741,  0.000317741
pgain_kernel_pim, 8696,  0.000425627,  0.000319220,  0.000319220,  0.000319220
pgain_kernel_pim, 8697,  0.000432122,  0.000324092,  0.000324092,  0.000324092
pgain_kernel_pim, 8698,  0.000427336,  0.000320502,  0.000320502,  0.000320502
pgain_kernel_pim, 8699,  0.000426902,  0.000320176,  0.000320176,  0.000320176
pgain_kernel_pim, 8700,  0.000425808,  0.000319356,  0.000319356,  0.000319356
pgain_kernel_pim, 8701,  0.000422140,  0.000316605,  0.000316605,  0.000316605
pgain_kernel_pim, 8702,  0.000425472,  0.000319104,  0.000319104,  0.000319104
pgain_kernel_pim, 8703,  0.000431243,  0.000323432,  0.000323432,  0.000323432
pgain_kernel_pim, 8704,  0.000422289,  0.000316717,  0.000316717,  0.000316717
pgain_kernel_pim, 8705,  0.000425657,  0.000319243,  0.000319243,  0.000319243
pgain_kernel_pim, 8706,  0.000425963,  0.000319473,  0.000319473,  0.000319473
pgain_kernel_pim, 8707,  0.000424632,  0.000318474,  0.000318474,  0.000318474
pgain_kernel_pim, 8708,  0.000425860,  0.000319395,  0.000319395,  0.000319395
pgain_kernel_pim, 8709,  0.000425874,  0.000319405,  0.000319405,  0.000319405
pgain_kernel_pim, 8710,  0.000423458,  0.000317594,  0.000317594,  0.000317594
pgain_kernel_pim, 8711,  0.000425612,  0.000319209,  0.000319209,  0.000319209
pgain_kernel_pim, 8712,  0.000425841,  0.000319380,  0.000319380,  0.000319380
pgain_kernel_pim, 8713,  0.000425276,  0.000318957,  0.000318957,  0.000318957
pgain_kernel_pim, 8714,  0.000425607,  0.000319205,  0.000319205,  0.000319205
pgain_kernel_pim, 8715,  0.000432699,  0.000324525,  0.000324525,  0.000324525
pgain_kernel_pim, 8716,  0.000427197,  0.000320398,  0.000320398,  0.000320398
pgain_kernel_pim, 8717,  0.000425668,  0.000319251,  0.000319251,  0.000319251
pgain_kernel_pim, 8718,  0.000425834,  0.000319375,  0.000319375,  0.000319375
pgain_kernel_pim, 8719,  0.000425787,  0.000319340,  0.000319340,  0.000319340
pgain_kernel_pim, 8720,  0.000425298,  0.000318974,  0.000318974,  0.000318974
pgain_kernel_pim, 8721,  0.000425565,  0.000319174,  0.000319174,  0.000319174
pgain_kernel_pim, 8722,  0.000424168,  0.000318126,  0.000318126,  0.000318126
pgain_kernel_pim, 8723,  0.000425643,  0.000319233,  0.000319233,  0.000319233
pgain_kernel_pim, 8724,  0.000425819,  0.000319364,  0.000319364,  0.000319364
pgain_kernel_pim, 8725,  0.000425185,  0.000318889,  0.000318889,  0.000318889
pgain_kernel_pim, 8726,  0.000427146,  0.000320359,  0.000320359,  0.000320359
pgain_kernel_pim, 8727,  0.000425856,  0.000319392,  0.000319392,  0.000319392
pgain_kernel_pim, 8728,  0.000422231,  0.000316673,  0.000316673,  0.000316673
pgain_kernel_pim, 8729,  0.000425176,  0.000318882,  0.000318882,  0.000318882
pgain_kernel_pim, 8730,  0.000425586,  0.000319190,  0.000319190,  0.000319190
pgain_kernel_pim, 8731,  0.000424375,  0.000318281,  0.000318281,  0.000318281
pgain_kernel_pim, 8732,  0.000425219,  0.000318915,  0.000318915,  0.000318915
pgain_kernel_pim, 8733,  0.000425686,  0.000319264,  0.000319264,  0.000319264
pgain_kernel_pim, 8734,  0.000427957,  0.000320968,  0.000320968,  0.000320968
pgain_kernel_pim, 8735,  0.000427361,  0.000320521,  0.000320521,  0.000320521
pgain_kernel_pim, 8736,  0.000425961,  0.000319470,  0.000319470,  0.000319470
pgain_kernel_pim, 8737,  0.000422450,  0.000316837,  0.000316837,  0.000316837
pgain_kernel_pim, 8738,  0.000425459,  0.000319094,  0.000319094,  0.000319094
pgain_kernel_pim, 8739,  0.000425892,  0.000319419,  0.000319419,  0.000319419
pgain_kernel_pim, 8740,  0.000426454,  0.000319841,  0.000319841,  0.000319841
pgain_kernel_pim, 8741,  0.000425401,  0.000319051,  0.000319051,  0.000319051
pgain_kernel_pim, 8742,  0.000425848,  0.000319386,  0.000319386,  0.000319386
pgain_kernel_pim, 8743,  0.000423986,  0.000317990,  0.000317990,  0.000317990
pgain_kernel_pim, 8744,  0.000425279,  0.000318960,  0.000318960,  0.000318960
pgain_kernel_pim, 8745,  0.000430921,  0.000323191,  0.000323191,  0.000323191
pgain_kernel_pim, 8746,  0.000422076,  0.000316557,  0.000316557,  0.000316557
pgain_kernel_pim, 8747,  0.000427400,  0.000320550,  0.000320550,  0.000320550
pgain_kernel_pim, 8748,  0.000425877,  0.000319408,  0.000319408,  0.000319408
pgain_kernel_pim, 8749,  0.000422508,  0.000316881,  0.000316881,  0.000316881
pgain_kernel_pim, 8750,  0.000425641,  0.000319231,  0.000319231,  0.000319231
pgain_kernel_pim, 8751,  0.000430396,  0.000322797,  0.000322797,  0.000322797
pgain_kernel_pim, 8752,  0.000427366,  0.000320524,  0.000320524,  0.000320524
pgain_kernel_pim, 8753,  0.000425397,  0.000319047,  0.000319047,  0.000319047
pgain_kernel_pim, 8754,  0.000425739,  0.000319304,  0.000319304,  0.000319304
pgain_kernel_pim, 8755,  0.000425176,  0.000318882,  0.000318882,  0.000318882
pgain_kernel_pim, 8756,  0.000425121,  0.000318841,  0.000318841,  0.000318841
pgain_kernel_pim, 8762,  0.000430713,  0.000323035,  0.000323035,  0.000323035
pgain_kernel_pim, 8765,  0.000422132,  0.000316599,  0.000316599,  0.000316599
pgain_kernel_pim, 8766,  0.000425313,  0.000318985,  0.000318985,  0.000318985
pgain_kernel_pim, 8767,  0.000432973,  0.000324730,  0.000324730,  0.000324730
pgain_kernel_pim, 8768,  0.000422039,  0.000316529,  0.000316529,  0.000316529
pgain_kernel_pim, 8769,  0.000425728,  0.000319296,  0.000319296,  0.000319296
pgain_kernel_pim, 8770,  0.000425912,  0.000319434,  0.000319434,  0.000319434
pgain_kernel_pim, 8771,  0.000423579,  0.000317684,  0.000317684,  0.000317684
pgain_kernel_pim, 8772,  0.000425373,  0.000319029,  0.000319029,  0.000319029
pgain_kernel_pim, 8773,  0.000425814,  0.000319361,  0.000319361,  0.000319361
pgain_kernel_pim, 8774,  0.000423798,  0.000317848,  0.000317848,  0.000317848
pgain_kernel_pim, 8775,  0.000425533,  0.000319150,  0.000319150,  0.000319150
pgain_kernel_pim, 8776,  0.000425914,  0.000319435,  0.000319435,  0.000319435
pgain_kernel_pim, 8777,  0.000428394,  0.000321295,  0.000321295,  0.000321295
pgain_kernel_pim, 8778,  0.000426350,  0.000319763,  0.000319763,  0.000319763
pgain_kernel_pim, 8779,  0.000425732,  0.000319299,  0.000319299,  0.000319299
pgain_kernel_pim, 8780,  0.000422034,  0.000316526,  0.000316526,  0.000316526
pgain_kernel_pim, 8781,  0.000425545,  0.000319158,  0.000319158,  0.000319158
pgain_kernel_pim, 8782,  0.000425826,  0.000319370,  0.000319370,  0.000319370
pgain_kernel_pim, 8783,  0.000423899,  0.000317925,  0.000317925,  0.000317925
pgain_kernel_pim, 8784,  0.000425622,  0.000319216,  0.000319216,  0.000319216
pgain_kernel_pim, 8785,  0.000431725,  0.000323794,  0.000323794,  0.000323794
pgain_kernel_pim, 8786,  0.000422345,  0.000316759,  0.000316759,  0.000316759
pgain_kernel_pim, 8787,  0.000425393,  0.000319045,  0.000319045,  0.000319045
pgain_kernel_pim, 8788,  0.000425732,  0.000319299,  0.000319299,  0.000319299
pgain_kernel_pim, 8789,  0.000423368,  0.000317526,  0.000317526,  0.000317526
pgain_kernel_pim, 8790,  0.000425458,  0.000319093,  0.000319093,  0.000319093
pgain_kernel_pim, 8791,  0.000430666,  0.000323000,  0.000323000,  0.000323000
pgain_kernel_pim, 8792,  0.000422246,  0.000316684,  0.000316684,  0.000316684
pgain_kernel_pim, 8793,  0.000426485,  0.000319864,  0.000319864,  0.000319864
pgain_kernel_pim, 8794,  0.000425593,  0.000319195,  0.000319195,  0.000319195
pgain_kernel_pim, 8795,  0.000426987,  0.000320240,  0.000320240,  0.000320240
pgain_kernel_pim, 8796,  0.000425045,  0.000318784,  0.000318784,  0.000318784
pgain_kernel_pim, 8797,  0.000425551,  0.000319163,  0.000319163,  0.000319163
pgain_kernel_pim, 8798,  0.000424788,  0.000318591,  0.000318591,  0.000318591
pgain_kernel_pim, 8799,  0.000427157,  0.000320368,  0.000320368,  0.000320368
pgain_kernel_pim, 8800,  0.000425859,  0.000319394,  0.000319394,  0.000319394
pgain_kernel_pim, 8801,  0.000422390,  0.000316793,  0.000316793,  0.000316793
pgain_kernel_pim, 8802,  0.000427194,  0.000320396,  0.000320396,  0.000320396
pgain_kernel_pim, 8803,  0.000425792,  0.000319344,  0.000319344,  0.000319344
pgain_kernel_pim, 8804,  0.000422330,  0.000316748,  0.000316748,  0.000316748
pgain_kernel_pim, 8805,  0.000425703,  0.000319278,  0.000319278,  0.000319278
pgain_kernel_pim, 8806,  0.000425964,  0.000319473,  0.000319473,  0.000319473
pgain_kernel_pim, 8807,  0.000423477,  0.000317608,  0.000317608,  0.000317608
pgain_kernel_pim, 8808,  0.000425598,  0.000319199,  0.000319199,  0.000319199
pgain_kernel_pim, 8809,  0.000425931,  0.000319448,  0.000319448,  0.000319448
pgain_kernel_pim, 8810,  0.000425936,  0.000319452,  0.000319452,  0.000319452
pgain_kernel_pim, 8811,  0.000425213,  0.000318910,  0.000318910,  0.000318910
pgain_kernel_pim, 8812,  0.000430794,  0.000323096,  0.000323096,  0.000323096
pgain_kernel_pim, 8813,  0.000427026,  0.000320270,  0.000320270,  0.000320270
pgain_kernel_pim, 8814,  0.000425494,  0.000319120,  0.000319120,  0.000319120
pgain_kernel_pim, 8815,  0.000425928,  0.000319446,  0.000319446,  0.000319446
pgain_kernel_pim, 8816,  0.000425269,  0.000318952,  0.000318952,  0.000318952
pgain_kernel_pim, 8817,  0.000425091,  0.000318818,  0.000318818,  0.000318818
pgain_kernel_pim, 8818,  0.000425276,  0.000318957,  0.000318957,  0.000318957
pgain_kernel_pim, 8819,  0.000422317,  0.000316738,  0.000316738,  0.000316738
pgain_kernel_pim, 8820,  0.000425532,  0.000319149,  0.000319149,  0.000319149
pgain_kernel_pim, 8821,  0.000425867,  0.000319400,  0.000319400,  0.000319400
pgain_kernel_pim, 8822,  0.000425404,  0.000319053,  0.000319053,  0.000319053
pgain_kernel_pim, 8823,  0.000425609,  0.000319207,  0.000319207,  0.000319207
pgain_kernel_pim, 8824,  0.000425873,  0.000319405,  0.000319405,  0.000319405
pgain_kernel_pim, 8825,  0.000425228,  0.000318921,  0.000318921,  0.000318921
pgain_kernel_pim, 8826,  0.000425519,  0.000319139,  0.000319139,  0.000319139
pgain_kernel_pim, 8827,  0.000431067,  0.000323300,  0.000323300,  0.000323300
pgain_kernel_pim, 8828,  0.000422493,  0.000316870,  0.000316870,  0.000316870
pgain_kernel_pim, 8829,  0.000425803,  0.000319353,  0.000319353,  0.000319353
pgain_kernel_pim, 8830,  0.000425964,  0.000319473,  0.000319473,  0.000319473
pgain_kernel_pim, 8831,  0.000430304,  0.000322728,  0.000322728,  0.000322728
pgain_kernel_pim, 8832,  0.000425524,  0.000319143,  0.000319143,  0.000319143
pgain_kernel_pim, 8833,  0.000425863,  0.000319397,  0.000319397,  0.000319397
pgain_kernel_pim, 8834,  0.000424782,  0.000318586,  0.000318586,  0.000318586
pgain_kernel_pim, 8835,  0.000425443,  0.000319082,  0.000319082,  0.000319082
pgain_kernel_pim, 8836,  0.000430808,  0.000323106,  0.000323106,  0.000323106
pgain_kernel_pim, 8837,  0.000422159,  0.000316620,  0.000316620,  0.000316620
pgain_kernel_pim, 8838,  0.000425588,  0.000319191,  0.000319191,  0.000319191
pgain_kernel_pim, 8839,  0.000425902,  0.000319427,  0.000319427,  0.000319427
pgain_kernel_pim, 8840,  0.000425240,  0.000318930,  0.000318930,  0.000318930
pgain_kernel_pim, 8841,  0.000425685,  0.000319264,  0.000319264,  0.000319264
pgain_kernel_pim, 8842,  0.000425937,  0.000319453,  0.000319453,  0.000319453
pgain_kernel_pim, 8843,  0.000423521,  0.000317641,  0.000317641,  0.000317641
pgain_kernel_pim, 8844,  0.000427326,  0.000320494,  0.000320494,  0.000320494
pgain_kernel_pim, 8845,  0.000425918,  0.000319438,  0.000319438,  0.000319438
pgain_kernel_pim, 8846,  0.000422343,  0.000316758,  0.000316758,  0.000316758
pgain_kernel_pim, 8847,  0.000425677,  0.000319257,  0.000319257,  0.000319257
pgain_kernel_pim, 8848,  0.000425967,  0.000319475,  0.000319475,  0.000319475
pgain_kernel_pim, 8849,  0.000428380,  0.000321285,  0.000321285,  0.000321285
pgain_kernel_pim, 8850,  0.000425401,  0.000319051,  0.000319051,  0.000319051
pgain_kernel_pim, 8851,  0.000425893,  0.000319420,  0.000319420,  0.000319420
pgain_kernel_pim, 8852,  0.000423309,  0.000317482,  0.000317482,  0.000317482
pgain_kernel_pim, 8853,  0.000425599,  0.000319199,  0.000319199,  0.000319199
pgain_kernel_pim, 8854,  0.000431223,  0.000323417,  0.000323417,  0.000323417
pgain_kernel_pim, 8855,  0.000422385,  0.000316789,  0.000316789,  0.000316789
pgain_kernel_pim, 8856,  0.000425503,  0.000319127,  0.000319127,  0.000319127
pgain_kernel_pim, 8857,  0.000425943,  0.000319457,  0.000319457,  0.000319457
pgain_kernel_pim, 8858,  0.000425569,  0.000319177,  0.000319177,  0.000319177
pgain_kernel_pim, 8859,  0.000425564,  0.000319173,  0.000319173,  0.000319173
pgain_kernel_pim, 8860,  0.000430608,  0.000322956,  0.000322956,  0.000322956
pgain_kernel_pim, 8861,  0.000422458,  0.000316844,  0.000316844,  0.000316844
pgain_kernel_pim, 8862,  0.000425637,  0.000319227,  0.000319227,  0.000319227
pgain_kernel_pim, 8863,  0.000425978,  0.000319483,  0.000319483,  0.000319483
pgain_kernel_pim, 8864,  0.000423985,  0.000317988,  0.000317988,  0.000317988
pgain_kernel_pim, 8865,  0.000425571,  0.000319178,  0.000319178,  0.000319178
pgain_kernel_pim, 8867,  0.000425947,  0.000319461,  0.000319461,  0.000319461
pgain_kernel_pim, 8868,  0.000430535,  0.000322901,  0.000322901,  0.000322901
pgain_kernel_pim, 8869,  0.000425718,  0.000319289,  0.000319289,  0.000319289
pgain_kernel_pim, 8870,  0.000431571,  0.000323678,  0.000323678,  0.000323678
pgain_kernel_pim, 8871,  0.000422402,  0.000316802,  0.000316802,  0.000316802
pgain_kernel_pim, 8872,  0.000425551,  0.000319163,  0.000319163,  0.000319163
pgain_kernel_pim, 8873,  0.000425921,  0.000319440,  0.000319440,  0.000319440
pgain_kernel_pim, 8874,  0.000423716,  0.000317787,  0.000317787,  0.000317787
pgain_kernel_pim, 8875,  0.000426316,  0.000319737,  0.000319737,  0.000319737
pgain_kernel_pim, 8876,  0.000425685,  0.000319264,  0.000319264,  0.000319264
pgain_kernel_pim, 8877,  0.000422089,  0.000316567,  0.000316567,  0.000316567
pgain_kernel_pim, 8878,  0.000426401,  0.000319801,  0.000319801,  0.000319801
pgain_kernel_pim, 8879,  0.000425698,  0.000319274,  0.000319274,  0.000319274
pgain_kernel_pim, 8880,  0.000422058,  0.000316543,  0.000316543,  0.000316543
pgain_kernel_pim, 8881,  0.000425243,  0.000318933,  0.000318933,  0.000318933
pgain_kernel_pim, 8882,  0.000425539,  0.000319155,  0.000319155,  0.000319155
pgain_kernel_pim, 8883,  0.000425389,  0.000319042,  0.000319042,  0.000319042
pgain_kernel_pim, 8884,  0.000425396,  0.000319047,  0.000319047,  0.000319047
pgain_kernel_pim, 8885,  0.000425668,  0.000319251,  0.000319251,  0.000319251
pgain_kernel_pim, 8886,  0.000428539,  0.000321404,  0.000321404,  0.000321404
pgain_kernel_pim, 8888,  0.000427106,  0.000320329,  0.000320329,  0.000320329
pgain_kernel_pim, 8889,  0.000425838,  0.000319378,  0.000319378,  0.000319378
pgain_kernel_pim, 8890,  0.000422332,  0.000316749,  0.000316749,  0.000316749
pgain_kernel_pim, 8891,  0.000425547,  0.000319160,  0.000319160,  0.000319160
pgain_kernel_pim, 8892,  0.000425823,  0.000319367,  0.000319367,  0.000319367
pgain_kernel_pim, 8893,  0.000425148,  0.000318861,  0.000318861,  0.000318861
pgain_kernel_pim, 8894,  0.000425548,  0.000319161,  0.000319161,  0.000319161
pgain_kernel_pim, 8895,  0.000425808,  0.000319356,  0.000319356,  0.000319356
pgain_kernel_pim, 8896,  0.000426044,  0.000319533,  0.000319533,  0.000319533
pgain_kernel_pim, 8897,  0.000425462,  0.000319097,  0.000319097,  0.000319097
pgain_kernel_pim, 8898,  0.000425723,  0.000319293,  0.000319293,  0.000319293
pgain_kernel_pim, 8899,  0.000424661,  0.000318496,  0.000318496,  0.000318496
pgain_kernel_pim, 8900,  0.000425583,  0.000319188,  0.000319188,  0.000319188
pgain_kernel_pim, 8901,  0.000431008,  0.000323256,  0.000323256,  0.000323256
pgain_kernel_pim, 8902,  0.000422441,  0.000316831,  0.000316831,  0.000316831
pgain_kernel_pim, 8903,  0.000425316,  0.000318987,  0.000318987,  0.000318987
pgain_kernel_pim, 8904,  0.000430336,  0.000322752,  0.000322752,  0.000322752
pgain_kernel_pim, 8905,  0.000427142,  0.000320356,  0.000320356,  0.000320356
pgain_kernel_pim, 8906,  0.000425553,  0.000319165,  0.000319165,  0.000319165
pgain_kernel_pim, 8907,  0.000425857,  0.000319393,  0.000319393,  0.000319393
pgain_kernel_pim, 8908,  0.000423775,  0.000317832,  0.000317832,  0.000317832
pgain_kernel_pim, 8909,  0.000425625,  0.000319219,  0.000319219,  0.000319219
pgain_kernel_pim, 8910,  0.000425833,  0.000319375,  0.000319375,  0.000319375
pgain_kernel_pim, 8911,  0.000423438,  0.000317579,  0.000317579,  0.000317579
pgain_kernel_pim, 8912,  0.000425595,  0.000319196,  0.000319196,  0.000319196
pgain_kernel_pim, 8913,  0.000429728,  0.000322296,  0.000322296,  0.000322296
pgain_kernel_pim, 8914,  0.000422426,  0.000316820,  0.000316820,  0.000316820
pgain_kernel_pim, 8915,  0.000426847,  0.000320135,  0.000320135,  0.000320135
pgain_kernel_pim, 8916,  0.000425733,  0.000319300,  0.000319300,  0.000319300
pgain_kernel_pim, 8917,  0.000422091,  0.000316568,  0.000316568,  0.000316568
pgain_kernel_pim, 8918,  0.000425403,  0.000319052,  0.000319052,  0.000319052
pgain_kernel_pim, 8919,  0.000430820,  0.000323115,  0.000323115,  0.000323115
pgain_kernel_pim, 8920,  0.000422094,  0.000316571,  0.000316571,  0.000316571
pgain_kernel_pim, 8921,  0.000425496,  0.000319122,  0.000319122,  0.000319122
pgain_kernel_pim, 8922,  0.000425883,  0.000319413,  0.000319413,  0.000319413
pgain_kernel_pim, 8923,  0.000428439,  0.000321329,  0.000321329,  0.000321329
pgain_kernel_pim, 8924,  0.000425421,  0.000319065,  0.000319065,  0.000319065
pgain_kernel_pim, 8925,  0.000425891,  0.000319418,  0.000319418,  0.000319418
pgain_kernel_pim, 8926,  0.000423358,  0.000317518,  0.000317518,  0.000317518
pgain_kernel_pim, 8928,  0.000425711,  0.000319283,  0.000319283,  0.000319283
pgain_kernel_pim, 8929,  0.000425907,  0.000319430,  0.000319430,  0.000319430
pgain_kernel_pim, 8930,  0.000425204,  0.000318903,  0.000318903,  0.000318903
pgain_kernel_pim, 8931,  0.000425478,  0.000319109,  0.000319109,  0.000319109
pgain_kernel_pim, 8932,  0.000429991,  0.000322493,  0.000322493,  0.000322493
pgain_kernel_pim, 8933,  0.000422252,  0.000316689,  0.000316689,  0.000316689
pgain_kernel_pim, 8934,  0.000425625,  0.000319218,  0.000319218,  0.000319218
pgain_kernel_pim, 8935,  0.000425878,  0.000319409,  0.000319409,  0.000319409
pgain_kernel_pim, 8936,  0.000425439,  0.000319079,  0.000319079,  0.000319079
pgain_kernel_pim, 8937,  0.000425406,  0.000319054,  0.000319054,  0.000319054
pgain_kernel_pim, 8938,  0.000425548,  0.000319161,  0.000319161,  0.000319161
pgain_kernel_pim, 8939,  0.000423523,  0.000317642,  0.000317642,  0.000317642
pgain_kernel_pim, 8940,  0.000425756,  0.000319317,  0.000319317,  0.000319317
pgain_kernel_pim, 8941,  0.000426002,  0.000319502,  0.000319502,  0.000319502
pgain_kernel_pim, 8942,  0.000430298,  0.000322723,  0.000322723,  0.000322723
pgain_kernel_pim, 8943,  0.000427192,  0.000320394,  0.000320394,  0.000320394
pgain_kernel_pim, 8944,  0.000425867,  0.000319400,  0.000319400,  0.000319400
pgain_kernel_pim, 8945,  0.000422250,  0.000316688,  0.000316688,  0.000316688
pgain_kernel_pim, 8946,  0.000425187,  0.000318890,  0.000318890,  0.000318890
pgain_kernel_pim, 8947,  0.000425657,  0.000319243,  0.000319243,  0.000319243
pgain_kernel_pim, 8948,  0.000423078,  0.000317309,  0.000317309,  0.000317309
pgain_kernel_pim, 8949,  0.000425377,  0.000319033,  0.000319033,  0.000319033
pgain_kernel_pim, 8950,  0.000425788,  0.000319341,  0.000319341,  0.000319341
pgain_kernel_pim, 8951,  0.000423142,  0.000317357,  0.000317357,  0.000317357
pgain_kernel_pim, 8952,  0.000427302,  0.000320476,  0.000320476,  0.000320476
pgain_kernel_pim, 8953,  0.000425950,  0.000319462,  0.000319462,  0.000319462
pgain_kernel_pim, 8954,  0.000422311,  0.000316733,  0.000316733,  0.000316733
pgain_kernel_pim, 8955,  0.000425475,  0.000319106,  0.000319106,  0.000319106
pgain_kernel_pim, 8956,  0.000425860,  0.000319395,  0.000319395,  0.000319395
pgain_kernel_pim, 8957,  0.000425471,  0.000319103,  0.000319103,  0.000319103
pgain_kernel_pim, 8958,  0.000425467,  0.000319100,  0.000319100,  0.000319100
pgain_kernel_pim, 8959,  0.000425787,  0.000319340,  0.000319340,  0.000319340
pgain_kernel_pim, 8960,  0.000428220,  0.000321165,  0.000321165,  0.000321165
pgain_kernel_pim, 8961,  0.000425230,  0.000318922,  0.000318922,  0.000318922
pgain_kernel_pim, 8963,  0.000431477,  0.000323607,  0.000323607,  0.000323607
pgain_kernel_pim, 8964,  0.000422125,  0.000316594,  0.000316594,  0.000316594
pgain_kernel_pim, 8965,  0.000427346,  0.000320509,  0.000320509,  0.000320509
pgain_kernel_pim, 8966,  0.000425978,  0.000319484,  0.000319484,  0.000319484
pgain_kernel_pim, 8967,  0.000422334,  0.000316750,  0.000316750,  0.000316750
pgain_kernel_pim, 8968,  0.000425664,  0.000319248,  0.000319248,  0.000319248
pgain_kernel_pim, 8970,  0.000430143,  0.000322607,  0.000322607,  0.000322607
pgain_kernel_pim, 8971,  0.000422430,  0.000316823,  0.000316823,  0.000316823
pgain_kernel_pim, 8973,  0.000425404,  0.000319053,  0.000319053,  0.000319053
pgain_kernel_pim, 8974,  0.000425745,  0.000319308,  0.000319308,  0.000319308
pgain_kernel_pim, 8975,  0.000425313,  0.000318985,  0.000318985,  0.000318985
pgain_kernel_pim, 8976,  0.000425186,  0.000318889,  0.000318889,  0.000318889
pgain_kernel_pim, 8977,  0.000429966,  0.000322474,  0.000322474,  0.000322474
pgain_kernel_pim, 8978,  0.000422368,  0.000316776,  0.000316776,  0.000316776
pgain_kernel_pim, 8979,  0.000425207,  0.000318905,  0.000318905,  0.000318905
pgain_kernel_pim, 8980,  0.000431099,  0.000323325,  0.000323325,  0.000323325
pgain_kernel_pim, 8981,  0.000426901,  0.000320175,  0.000320175,  0.000320175
pgain_kernel_pim, 8982,  0.000425481,  0.000319111,  0.000319111,  0.000319111
pgain_kernel_pim, 8983,  0.000425873,  0.000319405,  0.000319405,  0.000319405
pgain_kernel_pim, 8984,  0.000423864,  0.000317898,  0.000317898,  0.000317898
pgain_kernel_pim, 8985,  0.000425426,  0.000319070,  0.000319070,  0.000319070
pgain_kernel_pim, 8986,  0.000425720,  0.000319290,  0.000319290,  0.000319290
pgain_kernel_pim, 8989,  0.000423519,  0.000317640,  0.000317640,  0.000317640
pgain_kernel_pim, 9001,  0.000425672,  0.000319254,  0.000319254,  0.000319254
pgain_kernel_pim, 9002,  0.000425966,  0.000319474,  0.000319474,  0.000319474
pgain_kernel_pim, 9003,  0.000423844,  0.000317883,  0.000317883,  0.000317883
pgain_kernel_pim, 9013,  0.000426332,  0.000319749,  0.000319749,  0.000319749
pgain_kernel_pim, 9014,  0.000425677,  0.000319258,  0.000319258,  0.000319258
pgain_kernel_pim, 9015,  0.000421922,  0.000316441,  0.000316441,  0.000316441
pgain_kernel_pim, 9016,  0.000425489,  0.000319117,  0.000319117,  0.000319117
pgain_kernel_pim, 9017,  0.000425870,  0.000319403,  0.000319403,  0.000319403
pgain_kernel_pim, 9018,  0.000423357,  0.000317518,  0.000317518,  0.000317518
pgain_kernel_pim, 9019,  0.000425561,  0.000319171,  0.000319171,  0.000319171
pgain_kernel_pim, 9020,  0.000431712,  0.000323784,  0.000323784,  0.000323784
pgain_kernel_pim, 9021,  0.000427320,  0.000320490,  0.000320490,  0.000320490
pgain_kernel_pim, 9022,  0.000425361,  0.000319021,  0.000319021,  0.000319021
pgain_kernel_pim, 9023,  0.000425731,  0.000319298,  0.000319298,  0.000319298
pgain_kernel_pim, 9024,  0.000424109,  0.000318082,  0.000318082,  0.000318082
pgain_kernel_pim, 9025,  0.000425494,  0.000319120,  0.000319120,  0.000319120
pgain_kernel_pim, 9026,  0.000432301,  0.000324225,  0.000324225,  0.000324225
pgain_kernel_pim, 9027,  0.000422191,  0.000316643,  0.000316643,  0.000316643
pgain_kernel_pim, 9028,  0.000426526,  0.000319894,  0.000319894,  0.000319894
pgain_kernel_pim, 9029,  0.000425556,  0.000319167,  0.000319167,  0.000319167
pgain_kernel_pim, 9030,  0.000422057,  0.000316543,  0.000316543,  0.000316543
pgain_kernel_pim, 9031,  0.000425207,  0.000318905,  0.000318905,  0.000318905
pgain_kernel_pim, 9032,  0.000425494,  0.000319121,  0.000319121,  0.000319121
pgain_kernel_pim, 9033,  0.000424530,  0.000318398,  0.000318398,  0.000318398
pgain_kernel_pim, 9034,  0.000427181,  0.000320385,  0.000320385,  0.000320385
pgain_kernel_pim, 9037,  0.000425926,  0.000319445,  0.000319445,  0.000319445
pgain_kernel_pim, 9039,  0.000422388,  0.000316791,  0.000316791,  0.000316791
pgain_kernel_pim, 9040,  0.000427156,  0.000320367,  0.000320367,  0.000320367
pgain_kernel_pim, 9041,  0.000425717,  0.000319287,  0.000319287,  0.000319287
pgain_kernel_pim, 9042,  0.000427298,  0.000320473,  0.000320473,  0.000320473
pgain_kernel_pim, 9044,  0.000425524,  0.000319143,  0.000319143,  0.000319143
pgain_kernel_pim, 9045,  0.000425916,  0.000319437,  0.000319437,  0.000319437
pgain_kernel_pim, 9046,  0.000423382,  0.000317536,  0.000317536,  0.000317536
pgain_kernel_pim, 9047,  0.000425628,  0.000319221,  0.000319221,  0.000319221
pgain_kernel_pim, 9048,  0.000425969,  0.000319477,  0.000319477,  0.000319477
pgain_kernel_pim, 9049,  0.000425632,  0.000319224,  0.000319224,  0.000319224
pgain_kernel_pim, 9050,  0.000425234,  0.000318925,  0.000318925,  0.000318925
pgain_kernel_pim, 9051,  0.000430737,  0.000323053,  0.000323053,  0.000323053
pgain_kernel_pim, 9052,  0.000422050,  0.000316538,  0.000316538,  0.000316538
pgain_kernel_pim, 9053,  0.000425849,  0.000319387,  0.000319387,  0.000319387
pgain_kernel_pim, 9054,  0.000425915,  0.000319436,  0.000319436,  0.000319436
pgain_kernel_pim, 9055,  0.000423646,  0.000317734,  0.000317734,  0.000317734
pgain_kernel_pim, 9056,  0.000425334,  0.000319001,  0.000319001,  0.000319001
pgain_kernel_pim, 9057,  0.000425884,  0.000319413,  0.000319413,  0.000319413
pgain_kernel_pim, 9058,  0.000422870,  0.000317152,  0.000317152,  0.000317152
pgain_kernel_pim, 9059,  0.000425546,  0.000319160,  0.000319160,  0.000319160
pgain_kernel_pim, 9060,  0.000425818,  0.000319364,  0.000319364,  0.000319364
pgain_kernel_pim, 9061,  0.000430618,  0.000322963,  0.000322963,  0.000322963
pgain_kernel_pim, 9062,  0.000425447,  0.000319085,  0.000319085,  0.000319085
pgain_kernel_pim, 9063,  0.000425864,  0.000319398,  0.000319398,  0.000319398
pgain_kernel_pim, 9064,  0.000425862,  0.000319397,  0.000319397,  0.000319397
pgain_kernel_pim, 9065,  0.000425618,  0.000319213,  0.000319213,  0.000319213
pgain_kernel_pim, 9066,  0.000431980,  0.000323985,  0.000323985,  0.000323985
pgain_kernel_pim, 9067,  0.000422368,  0.000316776,  0.000316776,  0.000316776
pgain_kernel_pim, 9068,  0.000425571,  0.000319178,  0.000319178,  0.000319178
pgain_kernel_pim, 9069,  0.000425935,  0.000319451,  0.000319451,  0.000319451
pgain_kernel_pim, 9070,  0.000424545,  0.000318408,  0.000318408,  0.000318408
pgain_kernel_pim, 9071,  0.000425571,  0.000319178,  0.000319178,  0.000319178
pgain_kernel_pim, 9072,  0.000425756,  0.000319317,  0.000319317,  0.000319317
pgain_kernel_pim, 9073,  0.000425734,  0.000319301,  0.000319301,  0.000319301
pgain_kernel_pim, 9074,  0.000425409,  0.000319057,  0.000319057,  0.000319057
pgain_kernel_pim, 9075,  0.000430505,  0.000322878,  0.000322878,  0.000322878
pgain_kernel_pim, 9076,  0.000422033,  0.000316525,  0.000316525,  0.000316525
pgain_kernel_pim, 9077,  0.000425818,  0.000319363,  0.000319363,  0.000319363
pgain_kernel_pim, 9078,  0.000425839,  0.000319380,  0.000319380,  0.000319380
pgain_kernel_pim, 9079,  0.000430964,  0.000323223,  0.000323223,  0.000323223
pgain_kernel_pim, 9080,  0.000425654,  0.000319241,  0.000319241,  0.000319241
pgain_kernel_pim, 9081,  0.000425859,  0.000319394,  0.000319394,  0.000319394
pgain_kernel_pim, 9082,  0.000423759,  0.000317820,  0.000317820,  0.000317820
pgain_kernel_pim, 9083,  0.000427286,  0.000320464,  0.000320464,  0.000320464
pgain_kernel_pim, 9084,  0.000425993,  0.000319495,  0.000319495,  0.000319495
pgain_kernel_pim, 9085,  0.000422445,  0.000316834,  0.000316834,  0.000316834
pgain_kernel_pim, 9086,  0.000425604,  0.000319203,  0.000319203,  0.000319203
pgain_kernel_pim, 9087,  0.000425886,  0.000319414,  0.000319414,  0.000319414
pgain_kernel_pim, 9088,  0.000423953,  0.000317965,  0.000317965,  0.000317965
pgain_kernel_pim, 9089,  0.000425357,  0.000319017,  0.000319017,  0.000319017
pgain_kernel_pim, 9090,  0.000425787,  0.000319340,  0.000319340,  0.000319340
pgain_kernel_pim, 9091,  0.000423952,  0.000317964,  0.000317964,  0.000317964
pgain_kernel_pim, 9092,  0.000425591,  0.000319193,  0.000319193,  0.000319193
pgain_kernel_pim, 9093,  0.000430997,  0.000323248,  0.000323248,  0.000323248
pgain_kernel_pim, 9094,  0.000422413,  0.000316810,  0.000316810,  0.000316810
pgain_kernel_pim, 9095,  0.000425539,  0.000319154,  0.000319154,  0.000319154
pgain_kernel_pim, 9096,  0.000425807,  0.000319355,  0.000319355,  0.000319355
pgain_kernel_pim, 9097,  0.000431197,  0.000323397,  0.000323397,  0.000323397
pgain_kernel_pim, 9098,  0.000425718,  0.000319289,  0.000319289,  0.000319289
pgain_kernel_pim, 9099,  0.000430028,  0.000322521,  0.000322521,  0.000322521
pgain_kernel_pim, 9100,  0.000422547,  0.000316910,  0.000316910,  0.000316910
pgain_kernel_pim, 9101,  0.000425568,  0.000319176,  0.000319176,  0.000319176
pgain_kernel_pim, 9102,  0.000426037,  0.000319528,  0.000319528,  0.000319528
pgain_kernel_pim, 9103,  0.000423464,  0.000317598,  0.000317598,  0.000317598
pgain_kernel_pim, 9104,  0.000425643,  0.000319232,  0.000319232,  0.000319232
pgain_kernel_pim, 9105,  0.000425916,  0.000319437,  0.000319437,  0.000319437
pgain_kernel_pim, 9106,  0.000425849,  0.000319387,  0.000319387,  0.000319387
pgain_kernel_pim, 9107,  0.000425608,  0.000319206,  0.000319206,  0.000319206
pgain_kernel_pim, 9108,  0.000430055,  0.000322542,  0.000322542,  0.000322542
pgain_kernel_pim, 9109,  0.000422328,  0.000316746,  0.000316746,  0.000316746
pgain_kernel_pim, 9110,  0.000425554,  0.000319165,  0.000319165,  0.000319165
pgain_kernel_pim, 9111,  0.000425869,  0.000319402,  0.000319402,  0.000319402
pgain_kernel_pim, 9112,  0.000423482,  0.000317611,  0.000317611,  0.000317611
pgain_kernel_pim, 9113,  0.000426318,  0.000319738,  0.000319738,  0.000319738
pgain_kernel_pim, 9114,  0.000425632,  0.000319224,  0.000319224,  0.000319224
pgain_kernel_pim, 9115,  0.000426990,  0.000320243,  0.000320243,  0.000320243
pgain_kernel_pim, 9116,  0.000426471,  0.000319853,  0.000319853,  0.000319853
pgain_kernel_pim, 9117,  0.000425625,  0.000319219,  0.000319219,  0.000319219
pgain_kernel_pim, 9118,  0.000422103,  0.000316577,  0.000316577,  0.000316577
pgain_kernel_pim, 9119,  0.000425158,  0.000318868,  0.000318868,  0.000318868
pgain_kernel_pim, 9120,  0.000425567,  0.000319175,  0.000319175,  0.000319175
pgain_kernel_pim, 9121,  0.000423403,  0.000317552,  0.000317552,  0.000317552
pgain_kernel_pim, 9122,  0.000425269,  0.000318952,  0.000318952,  0.000318952
pgain_kernel_pim, 9123,  0.000425755,  0.000319316,  0.000319316,  0.000319316
pgain_kernel_pim, 9124,  0.000424368,  0.000318276,  0.000318276,  0.000318276
pgain_kernel_pim, 9125,  0.000427076,  0.000320307,  0.000320307,  0.000320307
pgain_kernel_pim, 9126,  0.000425836,  0.000319377,  0.000319377,  0.000319377
pgain_kernel_pim, 9127,  0.000422336,  0.000316752,  0.000316752,  0.000316752
pgain_kernel_pim, 9128,  0.000425498,  0.000319123,  0.000319123,  0.000319123
pgain_kernel_pim, 9129,  0.000425759,  0.000319319,  0.000319319,  0.000319319
pgain_kernel_pim, 9130,  0.000425384,  0.000319038,  0.000319038,  0.000319038
pgain_kernel_pim, 9131,  0.000425846,  0.000319385,  0.000319385,  0.000319385
pgain_kernel_pim, 9132,  0.000425949,  0.000319462,  0.000319462,  0.000319462
pgain_kernel_pim, 9133,  0.000430099,  0.000322574,  0.000322574,  0.000322574
pgain_kernel_pim, 9134,  0.000425422,  0.000319067,  0.000319067,  0.000319067
pgain_kernel_pim, 9135,  0.000425917,  0.000319438,  0.000319438,  0.000319438
pgain_kernel_pim, 9136,  0.000423638,  0.000317728,  0.000317728,  0.000317728
pgain_kernel_pim, 9137,  0.000425738,  0.000319304,  0.000319304,  0.000319304
pgain_kernel_pim, 9138,  0.000431203,  0.000323402,  0.000323402,  0.000323402
pgain_kernel_pim, 9139,  0.000422385,  0.000316789,  0.000316789,  0.000316789
pgain_kernel_pim, 9140,  0.000425322,  0.000318992,  0.000318992,  0.000318992
pgain_kernel_pim, 9141,  0.000431540,  0.000323655,  0.000323655,  0.000323655
pgain_kernel_pim, 9142,  0.000422268,  0.000316701,  0.000316701,  0.000316701
pgain_kernel_pim, 9143,  0.000425382,  0.000319037,  0.000319037,  0.000319037
pgain_kernel_pim, 9144,  0.000425803,  0.000319353,  0.000319353,  0.000319353
pgain_kernel_pim, 9145,  0.000423735,  0.000317801,  0.000317801,  0.000317801
pgain_kernel_pim, 9146,  0.000425717,  0.000319288,  0.000319288,  0.000319288
pgain_kernel_pim, 9147,  0.000425944,  0.000319458,  0.000319458,  0.000319458
pgain_kernel_pim, 9148,  0.000423524,  0.000317643,  0.000317643,  0.000317643
pgain_kernel_pim, 9149,  0.000425644,  0.000319233,  0.000319233,  0.000319233
pgain_kernel_pim, 9150,  0.000430049,  0.000322537,  0.000322537,  0.000322537
pgain_kernel_pim, 9151,  0.000427343,  0.000320507,  0.000320507,  0.000320507
pgain_kernel_pim, 9152,  0.000426897,  0.000320173,  0.000320173,  0.000320173
pgain_kernel_pim, 9153,  0.000425746,  0.000319309,  0.000319309,  0.000319309
pgain_kernel_pim, 9154,  0.000422169,  0.000316627,  0.000316627,  0.000316627
pgain_kernel_pim, 9155,  0.000425439,  0.000319079,  0.000319079,  0.000319079
pgain_kernel_pim, 9156,  0.000430398,  0.000322799,  0.000322799,  0.000322799
pgain_kernel_pim, 9157,  0.000422271,  0.000316703,  0.000316703,  0.000316703
pgain_kernel_pim, 9158,  0.000425540,  0.000319155,  0.000319155,  0.000319155
pgain_kernel_pim, 9159,  0.000425887,  0.000319415,  0.000319415,  0.000319415
pgain_kernel_pim, 9160,  0.000424879,  0.000318660,  0.000318660,  0.000318660
pgain_kernel_pim, 9161,  0.000425875,  0.000319406,  0.000319406,  0.000319406
pgain_kernel_pim, 9162,  0.000425876,  0.000319407,  0.000319407,  0.000319407
pgain_kernel_pim, 9163,  0.000424270,  0.000318202,  0.000318202,  0.000318202
pgain_kernel_pim, 9164,  0.000425733,  0.000319300,  0.000319300,  0.000319300
pgain_kernel_pim, 9165,  0.000425913,  0.000319435,  0.000319435,  0.000319435
pgain_kernel_pim, 9166,  0.000424815,  0.000318611,  0.000318611,  0.000318611
pgain_kernel_pim, 9167,  0.000425436,  0.000319077,  0.000319077,  0.000319077
pgain_kernel_pim, 9168,  0.000429698,  0.000322273,  0.000322273,  0.000322273
pgain_kernel_pim, 9169,  0.000427231,  0.000320423,  0.000320423,  0.000320423
pgain_kernel_pim, 9170,  0.000425573,  0.000319180,  0.000319180,  0.000319180
pgain_kernel_pim, 9171,  0.000425874,  0.000319405,  0.000319405,  0.000319405
pgain_kernel_pim, 9172,  0.000424727,  0.000318545,  0.000318545,  0.000318545
pgain_kernel_pim, 9173,  0.000425413,  0.000319060,  0.000319060,  0.000319060
pgain_kernel_pim, 9174,  0.000425564,  0.000319173,  0.000319173,  0.000319173
pgain_kernel_pim, 9175,  0.000423437,  0.000317578,  0.000317578,  0.000317578
pgain_kernel_pim, 9176,  0.000425589,  0.000319192,  0.000319192,  0.000319192
pgain_kernel_pim, 9177,  0.000425897,  0.000319423,  0.000319423,  0.000319423
pgain_kernel_pim, 9178,  0.000426036,  0.000319527,  0.000319527,  0.000319527
pgain_kernel_pim, 9179,  0.000427127,  0.000320345,  0.000320345,  0.000320345
pgain_kernel_pim, 9180,  0.000425911,  0.000319433,  0.000319433,  0.000319433
pgain_kernel_pim, 9181,  0.000422210,  0.000316657,  0.000316657,  0.000316657
pgain_kernel_pim, 9182,  0.000425207,  0.000318905,  0.000318905,  0.000318905
pgain_kernel_pim, 9183,  0.000425653,  0.000319240,  0.000319240,  0.000319240
pgain_kernel_pim, 9184,  0.000423439,  0.000317580,  0.000317580,  0.000317580
pgain_kernel_pim, 9185,  0.000425336,  0.000319002,  0.000319002,  0.000319002
pgain_kernel_pim, 9186,  0.000425724,  0.000319293,  0.000319293,  0.000319293
pgain_kernel_pim, 9187,  0.000428834,  0.000321626,  0.000321626,  0.000321626
pgain_kernel_pim, 9188,  0.000427376,  0.000320532,  0.000320532,  0.000320532
pgain_kernel_pim, 9189,  0.000425948,  0.000319461,  0.000319461,  0.000319461
pgain_kernel_pim, 9190,  0.000422410,  0.000316807,  0.000316807,  0.000316807
pgain_kernel_pim, 9191,  0.000425436,  0.000319077,  0.000319077,  0.000319077
pgain_kernel_pim, 9192,  0.000425776,  0.000319332,  0.000319332,  0.000319332
pgain_kernel_pim, 9193,  0.000425363,  0.000319022,  0.000319022,  0.000319022
pgain_kernel_pim, 9194,  0.000425439,  0.000319080,  0.000319080,  0.000319080
pgain_kernel_pim, 9195,  0.000425813,  0.000319360,  0.000319360,  0.000319360
pgain_kernel_pim, 9196,  0.000423478,  0.000317609,  0.000317609,  0.000317609
pgain_kernel_pim, 9197,  0.000425243,  0.000318933,  0.000318933,  0.000318933
pgain_kernel_pim, 9198,  0.000431711,  0.000323783,  0.000323783,  0.000323783
pgain_kernel_pim, 9199,  0.000422074,  0.000316556,  0.000316556,  0.000316556
pgain_kernel_pim, 9200,  0.000427409,  0.000320557,  0.000320557,  0.000320557
pgain_kernel_pim, 9201,  0.000425872,  0.000319404,  0.000319404,  0.000319404
pgain_kernel_pim, 9202,  0.000422453,  0.000316840,  0.000316840,  0.000316840
pgain_kernel_pim, 9203,  0.000425562,  0.000319172,  0.000319172,  0.000319172
pgain_kernel_pim, 9204,  0.000431093,  0.000323320,  0.000323320,  0.000323320
pgain_kernel_pim, 9205,  0.000427356,  0.000320517,  0.000320517,  0.000320517
pgain_kernel_pim, 9206,  0.000425377,  0.000319033,  0.000319033,  0.000319033
pgain_kernel_pim, 9207,  0.000425754,  0.000319316,  0.000319316,  0.000319316
pgain_kernel_pim, 9208,  0.000425586,  0.000319190,  0.000319190,  0.000319190
pgain_kernel_pim, 9209,  0.000424952,  0.000318714,  0.000318714,  0.000318714
pgain_kernel_pim, 9210,  0.000431560,  0.000323670,  0.000323670,  0.000323670
pgain_kernel_pim, 9211,  0.000422222,  0.000316667,  0.000316667,  0.000316667
pgain_kernel_pim, 9212,  0.000425167,  0.000318875,  0.000318875,  0.000318875
pgain_kernel_pim, 9213,  0.000430809,  0.000323107,  0.000323107,  0.000323107
pgain_kernel_pim, 9214,  0.000421898,  0.000316424,  0.000316424,  0.000316424
pgain_kernel_pim, 9215,  0.000425890,  0.000319418,  0.000319418,  0.000319418
pgain_kernel_pim, 9216,  0.000425853,  0.000319390,  0.000319390,  0.000319390
pgain_kernel_pim, 9217,  0.000423741,  0.000317805,  0.000317805,  0.000317805
pgain_kernel_pim, 9218,  0.000425329,  0.000318997,  0.000318997,  0.000318997
pgain_kernel_pim, 9219,  0.000425613,  0.000319210,  0.000319210,  0.000319210
pgain_kernel_pim, 9220,  0.000423438,  0.000317579,  0.000317579,  0.000317579
pgain_kernel_pim, 9221,  0.000425577,  0.000319183,  0.000319183,  0.000319183
pgain_kernel_pim, 9222,  0.000425893,  0.000319420,  0.000319420,  0.000319420
pgain_kernel_pim, 9223,  0.000428452,  0.000321339,  0.000321339,  0.000321339
pgain_kernel_pim, 9224,  0.000426346,  0.000319760,  0.000319760,  0.000319760
pgain_kernel_pim, 9225,  0.000425673,  0.000319255,  0.000319255,  0.000319255
pgain_kernel_pim, 9226,  0.000421979,  0.000316484,  0.000316484,  0.000316484
pgain_kernel_pim, 9227,  0.000425436,  0.000319077,  0.000319077,  0.000319077
pgain_kernel_pim, 9228,  0.000425910,  0.000319433,  0.000319433,  0.000319433
pgain_kernel_pim, 9229,  0.000423604,  0.000317703,  0.000317703,  0.000317703
pgain_kernel_pim, 9230,  0.000425558,  0.000319169,  0.000319169,  0.000319169
pgain_kernel_pim, 9231,  0.000430361,  0.000322770,  0.000322770,  0.000322770
pgain_kernel_pim, 9232,  0.000422323,  0.000316742,  0.000316742,  0.000316742
pgain_kernel_pim, 9233,  0.000425459,  0.000319095,  0.000319095,  0.000319095
pgain_kernel_pim, 9234,  0.000425787,  0.000319340,  0.000319340,  0.000319340
pgain_kernel_pim, 9235,  0.000423462,  0.000317596,  0.000317596,  0.000317596
