Fan1_pim, 8084,  0.000000241,  0.000000181,  0.000000181,  0.000000181
Fan1_pim, 8085,  0.000000163,  0.000000123,  0.000000123,  0.000000123
Fan1_pim, 8086,  0.000000087,  0.000000065,  0.000000065,  0.000000065
Fan2_pim, 8087,  0.000001417,  0.000001063,  0.000001063,  0.000001063
Fan2_pim, 8088,  0.000001402,  0.000001059,  0.000001059,  0.000001059
Fan2_pim, 8089,  0.000001402,  0.000001056,  0.000001056,  0.000001056
Fan1_pim, 8090,  0.000000240,  0.000000180,  0.000000180,  0.000000180
Fan1_pim, 8091,  0.000000162,  0.000000122,  0.000000122,  0.000000122
Fan1_pim, 8092,  0.000000086,  0.000000064,  0.000000064,  0.000000064
Fan2_pim, 8093,  0.000001410,  0.000001060,  0.000001060,  0.000001060
Fan2_pim, 8094,  0.000001396,  0.000001059,  0.000001059,  0.000001059
Fan2_pim, 8095,  0.000001396,  0.000001052,  0.000001052,  0.000001052
Fan1_pim, 8096,  0.000000239,  0.000000179,  0.000000179,  0.000000179
Fan1_pim, 8097,  0.000000161,  0.000000121,  0.000000121,  0.000000121
Fan1_pim, 8098,  0.000000084,  0.000000063,  0.000000063,  0.000000063
Fan2_pim, 8099,  0.000001403,  0.000001060,  0.000001060,  0.000001060
Fan2_pim, 8100,  0.000001389,  0.000001059,  0.000001059,  0.000001059
Fan2_pim, 8101,  0.000001389,  0.000001047,  0.000001047,  0.000001047
Fan1_pim, 8102,  0.000000238,  0.000000178,  0.000000178,  0.000000178
Fan1_pim, 8103,  0.000000160,  0.000000120,  0.000000120,  0.000000120
Fan1_pim, 8104,  0.000000083,  0.000000063,  0.000000063,  0.000000063
Fan2_pim, 8105,  0.000001397,  0.000001060,  0.000001060,  0.000001060
Fan2_pim, 8106,  0.000001382,  0.000001059,  0.000001059,  0.000001059
Fan2_pim, 8107,  0.000001382,  0.000001042,  0.000001042,  0.000001042
Fan1_pim, 8108,  0.000000237,  0.000000177,  0.000000177,  0.000000177
Fan1_pim, 8109,  0.000000159,  0.000000119,  0.000000119,  0.000000119
Fan1_pim, 8110,  0.000000082,  0.000000062,  0.000000062,  0.000000062
Fan2_pim, 8111,  0.000001390,  0.000001060,  0.000001060,  0.000001060
Fan2_pim, 8112,  0.000001376,  0.000001059,  0.000001059,  0.000001059
Fan2_pim, 8113,  0.000001376,  0.000001038,  0.000001038,  0.000001038
Fan1_pim, 8114,  0.000000236,  0.000000177,  0.000000177,  0.000000177
Fan1_pim, 8115,  0.000000158,  0.000000118,  0.000000118,  0.000000118
Fan1_pim, 8116,  0.000000081,  0.000000061,  0.000000061,  0.000000061
Fan2_pim, 8117,  0.000001383,  0.000001060,  0.000001060,  0.000001060
Fan2_pim, 8118,  0.000001483,  0.000001113,  0.000001113,  0.000001113
Fan2_pim, 8119,  0.000001214,  0.000001033,  0.000001033,  0.000001033
Fan1_pim, 8120,  0.000000234,  0.000000176,  0.000000176,  0.000000176
Fan1_pim, 8121,  0.000000157,  0.000000117,  0.000000117,  0.000000117
Fan1_pim, 8122,  0.000000080,  0.000000060,  0.000000060,  0.000000060
Fan2_pim, 8123,  0.000001377,  0.000001060,  0.000001060,  0.000001060
Fan2_pim, 8124,  0.000001587,  0.000001190,  0.000001190,  0.000001190
Fan2_pim, 8125,  0.000001138,  0.000001029,  0.000001029,  0.000001029
Fan1_pim, 8126,  0.000000233,  0.000000175,  0.000000175,  0.000000175
Fan1_pim, 8127,  0.000000156,  0.000000117,  0.000000117,  0.000000117
Fan1_pim, 8128,  0.000000079,  0.000000059,  0.000000059,  0.000000059
Fan2_pim, 8129,  0.000001370,  0.000001060,  0.000001060,  0.000001060
Fan2_pim, 8130,  0.000001579,  0.000001184,  0.000001184,  0.000001184
Fan2_pim, 8131,  0.000002021,  0.000001516,  0.000001516,  0.000001516
Fan1_pim, 8132,  0.000000232,  0.000000174,  0.000000174,  0.000000174
Fan1_pim, 8133,  0.000000154,  0.000000116,  0.000000116,  0.000000116
Fan1_pim, 8134,  0.000000078,  0.000000058,  0.000000058,  0.000000058
Fan2_pim, 8135,  0.000001363,  0.000001060,  0.000001060,  0.000001060
Fan2_pim, 8136,  0.000001571,  0.000001178,  0.000001178,  0.000001178
Fan2_pim, 8137,  0.000001127,  0.000001021,  0.000001021,  0.000001021
Fan1_pim, 8138,  0.000000231,  0.000000173,  0.000000173,  0.000000173
Fan1_pim, 8139,  0.000000153,  0.000000115,  0.000000115,  0.000000115
Fan1_pim, 8140,  0.000000077,  0.000000057,  0.000000057,  0.000000057
Fan2_pim, 8141,  0.000001357,  0.000001060,  0.000001060,  0.000001060
Fan2_pim, 8142,  0.000001563,  0.000001173,  0.000001173,  0.000001173
Fan2_pim, 8143,  0.000001121,  0.000001016,  0.000001016,  0.000001016
Fan1_pim, 8144,  0.000000230,  0.000000173,  0.000000173,  0.000000173
Fan1_pim, 8145,  0.000000152,  0.000000114,  0.000000114,  0.000000114
Fan1_pim, 8146,  0.000000076,  0.000000057,  0.000000057,  0.000000057
Fan2_pim, 8147,  0.000001387,  0.000001060,  0.000001060,  0.000001060
Fan2_pim, 8148,  0.000001478,  0.000001108,  0.000001108,  0.000001108
Fan2_pim, 8149,  0.000001116,  0.000001012,  0.000001012,  0.000001012
Fan1_pim, 8150,  0.000000229,  0.000000172,  0.000000172,  0.000000172
Fan1_pim, 8151,  0.000000151,  0.000000113,  0.000000113,  0.000000113
Fan1_pim, 8152,  0.000000074,  0.000000056,  0.000000056,  0.000000056
Fan2_pim, 8153,  0.000001562,  0.000001172,  0.000001172,  0.000001172
Fan2_pim, 8154,  0.000001329,  0.000001059,  0.000001059,  0.000001059
Fan2_pim, 8155,  0.000001110,  0.000001008,  0.000001008,  0.000001008
Fan1_pim, 8156,  0.000000228,  0.000000171,  0.000000171,  0.000000171
Fan1_pim, 8157,  0.000000150,  0.000000113,  0.000000113,  0.000000113
Fan1_pim, 8158,  0.000000073,  0.000000055,  0.000000055,  0.000000055
Fan2_pim, 8159,  0.000001554,  0.000001166,  0.000001166,  0.000001166
Fan2_pim, 8160,  0.000001322,  0.000001059,  0.000001059,  0.000001059
Fan2_pim, 8161,  0.000001104,  0.000001004,  0.000001004,  0.000001004
Fan1_pim, 8162,  0.000000227,  0.000000170,  0.000000170,  0.000000170
Fan1_pim, 8163,  0.000000149,  0.000000112,  0.000000112,  0.000000112
Fan1_pim, 8164,  0.000000072,  0.000000054,  0.000000054,  0.000000054
Fan2_pim, 8165,  0.000001547,  0.000001160,  0.000001160,  0.000001160
Fan2_pim, 8166,  0.000001316,  0.000001059,  0.000001059,  0.000001059
Fan2_pim, 8167,  0.000001099,  0.000000998,  0.000000998,  0.000000998
Fan1_pim, 8168,  0.000000226,  0.000000169,  0.000000169,  0.000000169
Fan1_pim, 8169,  0.000000148,  0.000000111,  0.000000111,  0.000000111
Fan1_pim, 8170,  0.000000071,  0.000000053,  0.000000053,  0.000000053
Fan2_pim, 8171,  0.000001539,  0.000001154,  0.000001154,  0.000001154
Fan2_pim, 8172,  0.000001309,  0.000001059,  0.000001059,  0.000001059
Fan2_pim, 8173,  0.000001093,  0.000000994,  0.000000994,  0.000000994
Fan1_pim, 8174,  0.000000224,  0.000000168,  0.000000168,  0.000000168
Fan1_pim, 8175,  0.000000147,  0.000000110,  0.000000110,  0.000000110
Fan1_pim, 8176,  0.000000070,  0.000000053,  0.000000053,  0.000000053
Fan2_pim, 8177,  0.000001531,  0.000001148,  0.000001148,  0.000001148
Fan2_pim, 8178,  0.000001302,  0.000001059,  0.000001059,  0.000001059
Fan2_pim, 8179,  0.000001834,  0.000001376,  0.000001376,  0.000001376
Fan1_pim, 8180,  0.000000223,  0.000000167,  0.000000167,  0.000000167
Fan1_pim, 8181,  0.000000146,  0.000000109,  0.000000109,  0.000000109
Fan1_pim, 8182,  0.000000069,  0.000000052,  0.000000052,  0.000000052
Fan2_pim, 8183,  0.000001309,  0.000001060,  0.000001060,  0.000001060
Fan2_pim, 8184,  0.000001296,  0.000001059,  0.000001059,  0.000001059
Fan2_pim, 8185,  0.000001082,  0.000000986,  0.000000986,  0.000000986
Fan1_pim, 8186,  0.000000222,  0.000000167,  0.000000167,  0.000000167
Fan1_pim, 8187,  0.000000144,  0.000000108,  0.000000108,  0.000000108
Fan1_pim, 8188,  0.000000068,  0.000000051,  0.000000051,  0.000000051
Fan2_pim, 8189,  0.000001302,  0.000001060,  0.000001060,  0.000001060
Fan2_pim, 8190,  0.000001289,  0.000001059,  0.000001059,  0.000001059
Fan2_pim, 8191,  0.000001077,  0.000000981,  0.000000981,  0.000000981
Fan1_pim, 8192,  0.000000221,  0.000000166,  0.000000166,  0.000000166
Fan1_pim, 8193,  0.000000143,  0.000000107,  0.000000107,  0.000000107
Fan1_pim, 8194,  0.000000067,  0.000000050,  0.000000050,  0.000000050
Fan2_pim, 8195,  0.000001296,  0.000001060,  0.000001060,  0.000001060
Fan2_pim, 8196,  0.000001282,  0.000001059,  0.000001059,  0.000001059
Fan2_pim, 8197,  0.000001071,  0.000000977,  0.000000977,  0.000000977
Fan1_pim, 8198,  0.000000220,  0.000000165,  0.000000165,  0.000000165
Fan1_pim, 8199,  0.000000142,  0.000000107,  0.000000107,  0.000000107
Fan1_pim, 8200,  0.000000066,  0.000000049,  0.000000049,  0.000000049
Fan2_pim, 8201,  0.000001289,  0.000001060,  0.000001060,  0.000001060
Fan2_pim, 8202,  0.000001276,  0.000001059,  0.000001059,  0.000001059
Fan2_pim, 8203,  0.000001066,  0.000000973,  0.000000973,  0.000000973
Fan1_pim, 8204,  0.000000219,  0.000000164,  0.000000164,  0.000000164
Fan1_pim, 8205,  0.000000141,  0.000000106,  0.000000106,  0.000000106
Fan1_pim, 8206,  0.000000064,  0.000000048,  0.000000048,  0.000000048
Fan2_pim, 8207,  0.000001282,  0.000001060,  0.000001060,  0.000001060
Fan2_pim, 8208,  0.000001269,  0.000001059,  0.000001059,  0.000001059
Fan2_pim, 8209,  0.000001060,  0.000000968,  0.000000968,  0.000000968
Fan1_pim, 8210,  0.000000218,  0.000000163,  0.000000163,  0.000000163
Fan1_pim, 8211,  0.000000140,  0.000000105,  0.000000105,  0.000000105
Fan1_pim, 8212,  0.000000063,  0.000000047,  0.000000047,  0.000000047
Fan2_pim, 8213,  0.000001276,  0.000001060,  0.000001060,  0.000001060
Fan2_pim, 8214,  0.000001377,  0.000001059,  0.000001059,  0.000001059
Fan2_pim, 8215,  0.000000900,  0.000000964,  0.000000964,  0.000000964
Fan1_pim, 8216,  0.000000217,  0.000000163,  0.000000163,  0.000000163
Fan1_pim, 8217,  0.000000139,  0.000000104,  0.000000104,  0.000000104
Fan1_pim, 8218,  0.000000062,  0.000000047,  0.000000047,  0.000000047
Fan2_pim, 8219,  0.000001269,  0.000001060,  0.000001060,  0.000001060
Fan2_pim, 8220,  0.000001462,  0.000001097,  0.000001097,  0.000001097
Fan2_pim, 8221,  0.000000842,  0.000000959,  0.000000959,  0.000000959
Fan1_pim, 8222,  0.000000215,  0.000000162,  0.000000162,  0.000000162
Fan1_pim, 8223,  0.000000138,  0.000000103,  0.000000103,  0.000000103
Fan1_pim, 8224,  0.000000061,  0.000000046,  0.000000046,  0.000000046
Fan2_pim, 8225,  0.000001262,  0.000001060,  0.000001060,  0.000001060
Fan2_pim, 8226,  0.000001454,  0.000001091,  0.000001091,  0.000001091
Fan2_pim, 8227,  0.000001451,  0.000001088,  0.000001088,  0.000001088
Fan1_pim, 8228,  0.000000214,  0.000000161,  0.000000161,  0.000000161
Fan1_pim, 8229,  0.000000137,  0.000000103,  0.000000103,  0.000000103
Fan1_pim, 8230,  0.000000060,  0.000000045,  0.000000045,  0.000000045
Fan2_pim, 8231,  0.000001255,  0.000001060,  0.000001060,  0.000001060
Fan2_pim, 8232,  0.000001447,  0.000001085,  0.000001085,  0.000001085
Fan2_pim, 8233,  0.000000833,  0.000000950,  0.000000950,  0.000000950
Fan1_pim, 8234,  0.000000213,  0.000000160,  0.000000160,  0.000000160
Fan1_pim, 8235,  0.000000135,  0.000000102,  0.000000102,  0.000000102
Fan1_pim, 8236,  0.000000059,  0.000000044,  0.000000044,  0.000000044
Fan2_pim, 8237,  0.000001249,  0.000001060,  0.000001060,  0.000001060
Fan2_pim, 8238,  0.000001439,  0.000001079,  0.000001079,  0.000001079
Fan2_pim, 8239,  0.000000829,  0.000000946,  0.000000946,  0.000000946
Fan1_pim, 8240,  0.000000212,  0.000000159,  0.000000159,  0.000000159
Fan1_pim, 8241,  0.000000134,  0.000000101,  0.000000101,  0.000000101
Fan1_pim, 8242,  0.000000058,  0.000000043,  0.000000043,  0.000000043
Fan2_pim, 8243,  0.000001279,  0.000001060,  0.000001060,  0.000001060
Fan2_pim, 8244,  0.000001353,  0.000001059,  0.000001059,  0.000001059
Fan2_pim, 8245,  0.000000825,  0.000000942,  0.000000942,  0.000000942
Fan1_pim, 8246,  0.000000211,  0.000000158,  0.000000158,  0.000000158
Fan1_pim, 8247,  0.000000133,  0.000000100,  0.000000100,  0.000000100
Fan1_pim, 8248,  0.000000057,  0.000000043,  0.000000043,  0.000000043
Fan2_pim, 8249,  0.000001437,  0.000001077,  0.000001077,  0.000001077
Fan2_pim, 8250,  0.000001222,  0.000001059,  0.000001059,  0.000001059
Fan2_pim, 8251,  0.000000820,  0.000000938,  0.000000938,  0.000000938
Fan1_pim, 8252,  0.000000210,  0.000000157,  0.000000157,  0.000000157
Fan1_pim, 8253,  0.000000132,  0.000000099,  0.000000099,  0.000000099
Fan1_pim, 8254,  0.000000055,  0.000000042,  0.000000042,  0.000000042
Fan2_pim, 8255,  0.000001429,  0.000001072,  0.000001072,  0.000001072
Fan2_pim, 8256,  0.000001216,  0.000001059,  0.000001059,  0.000001059
Fan2_pim, 8257,  0.000000816,  0.000000933,  0.000000933,  0.000000933
Fan1_pim, 8258,  0.000000209,  0.000000157,  0.000000157,  0.000000157
Fan1_pim, 8259,  0.000000131,  0.000000098,  0.000000098,  0.000000098
Fan1_pim, 8260,  0.000000054,  0.000000041,  0.000000041,  0.000000041
Fan2_pim, 8261,  0.000001421,  0.000001066,  0.000001066,  0.000001066
Fan2_pim, 8262,  0.000001209,  0.000001059,  0.000001059,  0.000001059
Fan2_pim, 8263,  0.000000811,  0.000000929,  0.000000929,  0.000000929
Fan1_pim, 8264,  0.000000208,  0.000000156,  0.000000156,  0.000000156
Fan1_pim, 8265,  0.000000130,  0.000000097,  0.000000097,  0.000000097
Fan1_pim, 8266,  0.000000053,  0.000000040,  0.000000040,  0.000000040
Fan2_pim, 8267,  0.000001413,  0.000001060,  0.000001060,  0.000001060
Fan2_pim, 8268,  0.000001202,  0.000001059,  0.000001059,  0.000001059
Fan2_pim, 8269,  0.000000807,  0.000000925,  0.000000925,  0.000000925
Fan1_pim, 8270,  0.000000207,  0.000000155,  0.000000155,  0.000000155
Fan1_pim, 8271,  0.000000129,  0.000000097,  0.000000097,  0.000000097
Fan1_pim, 8272,  0.000000052,  0.000000039,  0.000000039,  0.000000039
Fan2_pim, 8273,  0.000001406,  0.000001060,  0.000001060,  0.000001060
Fan2_pim, 8274,  0.000001196,  0.000001059,  0.000001059,  0.000001059
Fan2_pim, 8275,  0.000000802,  0.000000921,  0.000000921,  0.000000921
Fan1_pim, 8276,  0.000000206,  0.000000154,  0.000000154,  0.000000154
Fan1_pim, 8277,  0.000000128,  0.000000096,  0.000000096,  0.000000096
Fan1_pim, 8278,  0.000000051,  0.000000038,  0.000000038,  0.000000038
Fan2_pim, 8279,  0.000001201,  0.000001060,  0.000001060,  0.000001060
Fan2_pim, 8280,  0.000001189,  0.000001059,  0.000001059,  0.000001059
Fan2_pim, 8281,  0.000000798,  0.000000915,  0.000000915,  0.000000915
Fan1_pim, 8283,  0.000000204,  0.000000153,  0.000000153,  0.000000153
Fan1_pim, 8288,  0.000000127,  0.000000095,  0.000000095,  0.000000095
Fan1_pim, 8291,  0.000000050,  0.000000037,  0.000000037,  0.000000037
Fan2_pim, 8292,  0.000001194,  0.000001060,  0.000001060,  0.000001060
Fan2_pim, 8293,  0.000001182,  0.000001059,  0.000001059,  0.000001059
Fan2_pim, 8294,  0.000000793,  0.000000911,  0.000000911,  0.000000911
Fan1_pim, 8295,  0.000000203,  0.000000153,  0.000000153,  0.000000153
Fan1_pim, 8296,  0.000000126,  0.000000094,  0.000000094,  0.000000094
Fan1_pim, 8297,  0.000000049,  0.000000037,  0.000000037,  0.000000037
Fan2_pim, 8298,  0.000001188,  0.000001060,  0.000001060,  0.000001060
Fan2_pim, 8299,  0.000001175,  0.000001059,  0.000001059,  0.000001059
Fan2_pim, 8300,  0.000000789,  0.000000907,  0.000000907,  0.000000907
Fan1_pim, 8301,  0.000000202,  0.000000152,  0.000000152,  0.000000152
Fan1_pim, 8302,  0.000000124,  0.000000093,  0.000000093,  0.000000093
Fan1_pim, 8303,  0.000000048,  0.000000036,  0.000000036,  0.000000036
Fan2_pim, 8304,  0.000001181,  0.000001060,  0.000001060,  0.000001060
Fan2_pim, 8305,  0.000001169,  0.000001059,  0.000001059,  0.000001059
Fan2_pim, 8306,  0.000000784,  0.000000903,  0.000000903,  0.000000903
Fan1_pim, 8307,  0.000000201,  0.000000151,  0.000000151,  0.000000151
Fan1_pim, 8308,  0.000000123,  0.000000093,  0.000000093,  0.000000093
Fan1_pim, 8309,  0.000000047,  0.000000035,  0.000000035,  0.000000035
Fan2_pim, 8310,  0.000001174,  0.000001060,  0.000001060,  0.000001060
Fan2_pim, 8311,  0.000001162,  0.000001059,  0.000001059,  0.000001059
Fan2_pim, 8312,  0.000000780,  0.000000898,  0.000000898,  0.000000898
Fan1_pim, 8313,  0.000000200,  0.000000150,  0.000000150,  0.000000150
Fan1_pim, 8314,  0.000000122,  0.000000092,  0.000000092,  0.000000092
Fan1_pim, 8315,  0.000000046,  0.000000034,  0.000000034,  0.000000034
Fan2_pim, 8316,  0.000001168,  0.000001060,  0.000001060,  0.000001060
Fan2_pim, 8317,  0.000001270,  0.000001059,  0.000001059,  0.000001059
Fan2_pim, 8318,  0.000000621,  0.000000894,  0.000000894,  0.000000894
Fan1_pim, 8319,  0.000000199,  0.000000149,  0.000000149,  0.000000149
Fan1_pim, 8320,  0.000000121,  0.000000091,  0.000000091,  0.000000091
Fan1_pim, 8321,  0.000000044,  0.000000033,  0.000000033,  0.000000033
Fan2_pim, 8322,  0.000001161,  0.000001060,  0.000001060,  0.000001060
Fan2_pim, 8323,  0.000001338,  0.000001059,  0.000001059,  0.000001059
Fan2_pim, 8324,  0.000000582,  0.000000890,  0.000000890,  0.000000890
Fan1_pim, 8325,  0.000000198,  0.000000148,  0.000000148,  0.000000148
Fan1_pim, 8326,  0.000000120,  0.000000090,  0.000000090,  0.000000090
Fan1_pim, 8327,  0.000000043,  0.000000033,  0.000000033,  0.000000033
Fan2_pim, 8328,  0.000001154,  0.000001060,  0.000001060,  0.000001060
Fan2_pim, 8329,  0.000001330,  0.000001059,  0.000001059,  0.000001059
Fan2_pim, 8330,  0.000000579,  0.000000885,  0.000000885,  0.000000885
Fan1_pim, 8331,  0.000000197,  0.000000147,  0.000000147,  0.000000147
Fan1_pim, 8332,  0.000000119,  0.000000089,  0.000000089,  0.000000089
Fan1_pim, 8333,  0.000000042,  0.000000032,  0.000000032,  0.000000032
Fan2_pim, 8334,  0.000001148,  0.000001060,  0.000001060,  0.000001060
Fan2_pim, 8335,  0.000001322,  0.000001059,  0.000001059,  0.000001059
Fan2_pim, 8336,  0.000000576,  0.000000880,  0.000000880,  0.000000880
Fan1_pim, 8337,  0.000000196,  0.000000147,  0.000000147,  0.000000147
Fan1_pim, 8338,  0.000000118,  0.000000088,  0.000000088,  0.000000088
Fan1_pim, 8339,  0.000000041,  0.000000031,  0.000000031,  0.000000031
Fan2_pim, 8340,  0.000001141,  0.000001060,  0.000001060,  0.000001060
Fan2_pim, 8341,  0.000001314,  0.000001059,  0.000001059,  0.000001059
Fan2_pim, 8342,  0.000000572,  0.000000876,  0.000000876,  0.000000876
Fan1_pim, 8343,  0.000000194,  0.000000146,  0.000000146,  0.000000146
Fan1_pim, 8344,  0.000000117,  0.000000087,  0.000000087,  0.000000087
Fan1_pim, 8345,  0.000000040,  0.000000030,  0.000000030,  0.000000030
Fan2_pim, 8346,  0.000001171,  0.000001060,  0.000001060,  0.000001060
Fan2_pim, 8347,  0.000001229,  0.000001059,  0.000001059,  0.000001059
Fan2_pim, 8348,  0.000000569,  0.000000873,  0.000000873,  0.000000873
Fan1_pim, 8349,  0.000000193,  0.000000145,  0.000000145,  0.000000145
Fan1_pim, 8350,  0.000000116,  0.000000087,  0.000000087,  0.000000087
Fan1_pim, 8351,  0.000000039,  0.000000029,  0.000000029,  0.000000029
Fan2_pim, 8352,  0.000001311,  0.000001060,  0.000001060,  0.000001060
Fan2_pim, 8353,  0.000001116,  0.000001059,  0.000001059,  0.000001059
Fan2_pim, 8354,  0.000000566,  0.000000867,  0.000000867,  0.000000867
Fan1_pim, 8355,  0.000000192,  0.000000144,  0.000000144,  0.000000144
Fan1_pim, 8356,  0.000000114,  0.000000086,  0.000000086,  0.000000086
Fan1_pim, 8357,  0.000000038,  0.000000028,  0.000000028,  0.000000028
Fan2_pim, 8358,  0.000001303,  0.000001060,  0.000001060,  0.000001060
Fan2_pim, 8359,  0.000001109,  0.000001059,  0.000001059,  0.000001059
Fan2_pim, 8360,  0.000000562,  0.000000863,  0.000000863,  0.000000863
Fan1_pim, 8361,  0.000000191,  0.000000143,  0.000000143,  0.000000143
Fan1_pim, 8362,  0.000000113,  0.000000085,  0.000000085,  0.000000085
Fan1_pim, 8363,  0.000000037,  0.000000027,  0.000000027,  0.000000027
Fan2_pim, 8364,  0.000001296,  0.000001060,  0.000001060,  0.000001060
Fan2_pim, 8365,  0.000001102,  0.000001059,  0.000001059,  0.000001059
Fan2_pim, 8366,  0.000000559,  0.000000859,  0.000000859,  0.000000859
Fan1_pim, 8367,  0.000000190,  0.000000143,  0.000000143,  0.000000143
Fan1_pim, 8368,  0.000000112,  0.000000084,  0.000000084,  0.000000084
Fan1_pim, 8369,  0.000000036,  0.000000027,  0.000000027,  0.000000027
Fan2_pim, 8370,  0.000001288,  0.000001060,  0.000001060,  0.000001060
Fan2_pim, 8371,  0.000001095,  0.000001059,  0.000001059,  0.000001059
Fan2_pim, 8372,  0.000000556,  0.000000855,  0.000000855,  0.000000855
Fan1_pim, 8373,  0.000000189,  0.000000142,  0.000000142,  0.000000142
Fan1_pim, 8374,  0.000000111,  0.000000083,  0.000000083,  0.000000083
Fan1_pim, 8375,  0.000000034,  0.000000026,  0.000000026,  0.000000026
Fan2_pim, 8376,  0.000001280,  0.000001060,  0.000001060,  0.000001060
Fan2_pim, 8377,  0.000001089,  0.000001059,  0.000001059,  0.000001059
Fan2_pim, 8378,  0.000000552,  0.000000850,  0.000000850,  0.000000850
Fan1_pim, 8379,  0.000000188,  0.000000141,  0.000000141,  0.000000141
Fan1_pim, 8380,  0.000000110,  0.000000083,  0.000000083,  0.000000083
Fan1_pim, 8381,  0.000000033,  0.000000025,  0.000000025,  0.000000025
Fan2_pim, 8382,  0.000001093,  0.000001060,  0.000001060,  0.000001060
Fan2_pim, 8383,  0.000001082,  0.000001059,  0.000001059,  0.000001059
Fan2_pim, 8384,  0.000000549,  0.000000846,  0.000000846,  0.000000846
Fan1_pim, 8385,  0.000000187,  0.000000140,  0.000000140,  0.000000140
Fan1_pim, 8386,  0.000000109,  0.000000082,  0.000000082,  0.000000082
Fan1_pim, 8387,  0.000000032,  0.000000024,  0.000000024,  0.000000024
Fan2_pim, 8388,  0.000001087,  0.000001060,  0.000001060,  0.000001060
Fan2_pim, 8389,  0.000001076,  0.000001059,  0.000001059,  0.000001059
Fan2_pim, 8390,  0.000000546,  0.000000842,  0.000000842,  0.000000842
Fan1_pim, 8391,  0.000000186,  0.000000139,  0.000000139,  0.000000139
Fan1_pim, 8392,  0.000000108,  0.000000081,  0.000000081,  0.000000081
Fan1_pim, 8393,  0.000000031,  0.000000023,  0.000000023,  0.000000023
Fan2_pim, 8394,  0.000001080,  0.000001060,  0.000001060,  0.000001060
Fan2_pim, 8395,  0.000001069,  0.000001059,  0.000001059,  0.000001059
Fan2_pim, 8396,  0.000000542,  0.000000837,  0.000000837,  0.000000837
Fan1_pim, 8397,  0.000000185,  0.000000138,  0.000000138,  0.000000138
Fan1_pim, 8398,  0.000000107,  0.000000080,  0.000000080,  0.000000080
Fan1_pim, 8399,  0.000000030,  0.000000023,  0.000000023,  0.000000023
Fan2_pim, 8400,  0.000001073,  0.000001060,  0.000001060,  0.000001060
Fan2_pim, 8401,  0.000001062,  0.000001059,  0.000001059,  0.000001059
Fan2_pim, 8402,  0.000000539,  0.000000832,  0.000000832,  0.000000832
Fan1_pim, 8403,  0.000000183,  0.000000137,  0.000000137,  0.000000137
Fan1_pim, 8404,  0.000000106,  0.000000079,  0.000000079,  0.000000079
Fan1_pim, 8405,  0.000000029,  0.000000022,  0.000000022,  0.000000022
Fan2_pim, 8406,  0.000001067,  0.000001060,  0.000001060,  0.000001060
Fan2_pim, 8407,  0.000001056,  0.000001059,  0.000001059,  0.000001059
Fan2_pim, 8408,  0.000000535,  0.000000828,  0.000000828,  0.000000828
Fan1_pim, 8409,  0.000000182,  0.000000137,  0.000000137,  0.000000137
Fan1_pim, 8410,  0.000000105,  0.000000078,  0.000000078,  0.000000078
Fan1_pim, 8411,  0.000000028,  0.000000021,  0.000000021,  0.000000021
Fan2_pim, 8412,  0.000001060,  0.000001060,  0.000001060,  0.000001060
Fan2_pim, 8413,  0.000001163,  0.000001059,  0.000001059,  0.000001059
Fan2_pim, 8414,  0.000000378,  0.000000824,  0.000000824,  0.000000824
Fan1_pim, 8415,  0.000000181,  0.000000136,  0.000000136,  0.000000136
Fan1_pim, 8416,  0.000000103,  0.000000077,  0.000000077,  0.000000077
Fan1_pim, 8417,  0.000000027,  0.000000020,  0.000000020,  0.000000020
Fan2_pim, 8418,  0.000001053,  0.000001060,  0.000001060,  0.000001060
Fan2_pim, 8419,  0.000001213,  0.000001059,  0.000001059,  0.000001059
Fan2_pim, 8420,  0.000000358,  0.000000819,  0.000000819,  0.000000819
Fan1_pim, 8421,  0.000000180,  0.000000135,  0.000000135,  0.000000135
Fan1_pim, 8422,  0.000000102,  0.000000077,  0.000000077,  0.000000077
Fan1_pim, 8423,  0.000000026,  0.000000019,  0.000000019,  0.000000019
Fan2_pim, 8424,  0.000001047,  0.000001060,  0.000001060,  0.000001060
Fan2_pim, 8425,  0.000001206,  0.000001059,  0.000001059,  0.000001059
Fan2_pim, 8426,  0.000000356,  0.000000815,  0.000000815,  0.000000815
Fan1_pim, 8427,  0.000000179,  0.000000134,  0.000000134,  0.000000134
Fan1_pim, 8428,  0.000000101,  0.000000076,  0.000000076,  0.000000076
Fan1_pim, 8429,  0.000000025,  0.000000018,  0.000000018,  0.000000018
Fan2_pim, 8430,  0.000001040,  0.000001060,  0.000001060,  0.000001060
Fan2_pim, 8431,  0.000001198,  0.000001059,  0.000001059,  0.000001059
Fan2_pim, 8432,  0.000000353,  0.000000811,  0.000000811,  0.000000811
Fan1_pim, 8433,  0.000000178,  0.000000133,  0.000000133,  0.000000133
Fan1_pim, 8434,  0.000000100,  0.000000075,  0.000000075,  0.000000075
Fan1_pim, 8435,  0.000000023,  0.000000017,  0.000000017,  0.000000017
Fan2_pim, 8436,  0.000001033,  0.000001060,  0.000001060,  0.000001060
Fan2_pim, 8437,  0.000001190,  0.000001059,  0.000001059,  0.000001059
Fan2_pim, 8438,  0.000000351,  0.000000807,  0.000000807,  0.000000807
Fan1_pim, 8439,  0.000000177,  0.000000133,  0.000000133,  0.000000133
Fan1_pim, 8440,  0.000000099,  0.000000074,  0.000000074,  0.000000074
Fan1_pim, 8441,  0.000000022,  0.000000017,  0.000000017,  0.000000017
Fan2_pim, 8442,  0.000001063,  0.000001060,  0.000001060,  0.000001060
Fan2_pim, 8443,  0.000001104,  0.000001059,  0.000001059,  0.000001059
Fan2_pim, 8444,  0.000000349,  0.000000801,  0.000000801,  0.000000801
Fan1_pim, 8445,  0.000000176,  0.000000132,  0.000000132,  0.000000132
Fan1_pim, 8446,  0.000000098,  0.000000073,  0.000000073,  0.000000073
Fan1_pim, 8447,  0.000000021,  0.000000016,  0.000000016,  0.000000016
Fan2_pim, 8448,  0.000001186,  0.000001060,  0.000001060,  0.000001060
Fan2_pim, 8449,  0.000001009,  0.000001059,  0.000001059,  0.000001059
Fan2_pim, 8450,  0.000000347,  0.000000797,  0.000000797,  0.000000797
Fan1_pim, 8451,  0.000000174,  0.000000131,  0.000000131,  0.000000131
Fan1_pim, 8452,  0.000000097,  0.000000073,  0.000000073,  0.000000073
Fan1_pim, 8453,  0.000000020,  0.000000015,  0.000000015,  0.000000015
Fan2_pim, 8454,  0.000001178,  0.000001060,  0.000001060,  0.000001060
Fan2_pim, 8455,  0.000001002,  0.000001059,  0.000001059,  0.000001059
Fan2_pim, 8456,  0.000000345,  0.000000793,  0.000000793,  0.000000793
Fan1_pim, 8457,  0.000000173,  0.000000130,  0.000000130,  0.000000130
Fan1_pim, 8458,  0.000000096,  0.000000072,  0.000000072,  0.000000072
Fan1_pim, 8459,  0.000000019,  0.000000014,  0.000000014,  0.000000014
Fan2_pim, 8460,  0.000001170,  0.000001060,  0.000001060,  0.000001060
Fan2_pim, 8461,  0.000000996,  0.000001059,  0.000001059,  0.000001059
Fan2_pim, 8462,  0.000000342,  0.000000789,  0.000000789,  0.000000789
Fan1_pim, 8463,  0.000000172,  0.000000129,  0.000000129,  0.000000129
Fan1_pim, 8464,  0.000000094,  0.000000071,  0.000000071,  0.000000071
Fan1_pim, 8465,  0.000000018,  0.000000013,  0.000000013,  0.000000013
Fan2_pim, 8466,  0.000001162,  0.000001060,  0.000001060,  0.000001060
Fan2_pim, 8467,  0.000000989,  0.000001059,  0.000001059,  0.000001059
Fan2_pim, 8468,  0.000000340,  0.000000784,  0.000000784,  0.000000784
Fan1_pim, 8469,  0.000000171,  0.000000128,  0.000000128,  0.000000128
Fan1_pim, 8470,  0.000000093,  0.000000070,  0.000000070,  0.000000070
Fan1_pim, 8471,  0.000000017,  0.000000013,  0.000000013,  0.000000013
Fan2_pim, 8472,  0.000001154,  0.000001037,  0.000001037,  0.000001037
Fan2_pim, 8473,  0.000000982,  0.000001059,  0.000001059,  0.000001059
Fan2_pim, 8474,  0.000000338,  0.000000780,  0.000000780,  0.000000780
Fan1_pim, 8475,  0.000000170,  0.000000127,  0.000000127,  0.000000127
Fan1_pim, 8476,  0.000000092,  0.000000069,  0.000000069,  0.000000069
Fan1_pim, 8477,  0.000000016,  0.000000012,  0.000000012,  0.000000012
Fan2_pim, 8478,  0.000000986,  0.000001037,  0.000001037,  0.000001037
Fan2_pim, 8479,  0.000000976,  0.000001059,  0.000001059,  0.000001059
Fan2_pim, 8480,  0.000000336,  0.000000776,  0.000000776,  0.000000776
Fan1_pim, 8481,  0.000000169,  0.000000127,  0.000000127,  0.000000127
Fan1_pim, 8482,  0.000000091,  0.000000068,  0.000000068,  0.000000068
Fan1_pim, 8483,  0.000000014,  0.000000011,  0.000000011,  0.000000011
Fan2_pim, 8484,  0.000000979,  0.000001037,  0.000001037,  0.000001037
Fan2_pim, 8485,  0.000000969,  0.000001059,  0.000001059,  0.000001059
Fan2_pim, 8486,  0.000000333,  0.000000772,  0.000000772,  0.000000772
Fan1_pim, 8487,  0.000000168,  0.000000126,  0.000000126,  0.000000126
Fan1_pim, 8488,  0.000000090,  0.000000067,  0.000000067,  0.000000067
Fan1_pim, 8489,  0.000000013,  0.000000010,  0.000000010,  0.000000010
Fan2_pim, 8490,  0.000000972,  0.000001037,  0.000001037,  0.000001037
Fan2_pim, 8491,  0.000000962,  0.000001059,  0.000001059,  0.000001059
Fan2_pim, 8492,  0.000000331,  0.000000767,  0.000000767,  0.000000767
Fan1_pim, 8493,  0.000000167,  0.000000125,  0.000000125,  0.000000125
Fan1_pim, 8494,  0.000000089,  0.000000067,  0.000000067,  0.000000067
Fan1_pim, 8495,  0.000000012,  0.000000009,  0.000000009,  0.000000009
Fan2_pim, 8496,  0.000000966,  0.000001037,  0.000001037,  0.000001037
Fan2_pim, 8497,  0.000000956,  0.000001059,  0.000001059,  0.000001059
Fan2_pim, 8498,  0.000000329,  0.000000763,  0.000000763,  0.000000763
Fan1_pim, 8499,  0.000000166,  0.000000124,  0.000000124,  0.000000124
Fan1_pim, 8500,  0.000000088,  0.000000066,  0.000000066,  0.000000066
Fan1_pim, 8501,  0.000000008,  0.000000006,  0.000000006,  0.000000006
Fan2_pim, 8502,  0.000000959,  0.000001037,  0.000001037,  0.000001037
Fan2_pim, 8503,  0.000000949,  0.000001059,  0.000001059,  0.000001059
Fan2_pim, 8504,  0.000000327,  0.000000757,  0.000000757,  0.000000757
Fan1_pim, 8505,  0.000000164,  0.000000123,  0.000000123,  0.000000123
Fan1_pim, 8506,  0.000000087,  0.000000065,  0.000000065,  0.000000065
Fan1_pim, 8507,  0.000000008,  0.000000006,  0.000000006,  0.000000006
Fan2_pim, 8508,  0.000000952,  0.000001037,  0.000001037,  0.000001037
Fan2_pim, 8509,  0.000000942,  0.000001056,  0.000001056,  0.000001056
Fan2_pim, 8510,  0.000000203,  0.000000753,  0.000000753,  0.000000753
Fan1_pim, 8511,  0.000000163,  0.000000123,  0.000000123,  0.000000123
Fan1_pim, 8512,  0.000000086,  0.000000064,  0.000000064,  0.000000064
Fan1_pim, 8513,  0.000000008,  0.000000006,  0.000000006,  0.000000006
Fan2_pim, 8514,  0.000000946,  0.000001037,  0.000001037,  0.000001037
Fan2_pim, 8515,  0.000000935,  0.000001052,  0.000001052,  0.000001052
Fan2_pim, 8516,  0.000000203,  0.000000753,  0.000000753,  0.000000753
Fan1_pim, 8517,  0.000000162,  0.000000122,  0.000000122,  0.000000122
Fan1_pim, 8518,  0.000000084,  0.000000063,  0.000000063,  0.000000063
Fan1_pim, 8519,  0.000000008,  0.000000006,  0.000000006,  0.000000006
Fan2_pim, 8520,  0.000000939,  0.000001037,  0.000001037,  0.000001037
Fan2_pim, 8521,  0.000000929,  0.000001047,  0.000001047,  0.000001047
Fan2_pim, 8522,  0.000000203,  0.000000753,  0.000000753,  0.000000753
Fan1_pim, 8523,  0.000000161,  0.000000121,  0.000000121,  0.000000121
Fan1_pim, 8524,  0.000000083,  0.000000063,  0.000000063,  0.000000063
Fan1_pim, 8525,  0.000000008,  0.000000006,  0.000000006,  0.000000006
Fan2_pim, 8526,  0.000000932,  0.000001037,  0.000001037,  0.000001037
Fan2_pim, 8527,  0.000000922,  0.000001042,  0.000001042,  0.000001042
Fan2_pim, 8528,  0.000000203,  0.000000753,  0.000000753,  0.000000753
Fan1_pim, 8529,  0.000000160,  0.000000120,  0.000000120,  0.000000120
Fan1_pim, 8530,  0.000000082,  0.000000062,  0.000000062,  0.000000062
Fan1_pim, 8531,  0.000000008,  0.000000006,  0.000000006,  0.000000006
Fan2_pim, 8532,  0.000000926,  0.000001037,  0.000001037,  0.000001037
Fan2_pim, 8533,  0.000000916,  0.000001016,  0.000001016,  0.000001016
Fan2_pim, 8534,  0.000000203,  0.000000753,  0.000000753,  0.000000753
Fan1_pim, 8535,  0.000000159,  0.000000119,  0.000000119,  0.000000119
Fan1_pim, 8536,  0.000000081,  0.000000061,  0.000000061,  0.000000061
Fan1_pim, 8537,  0.000000008,  0.000000006,  0.000000006,  0.000000006
Fan2_pim, 8538,  0.000000956,  0.000001037,  0.000001037,  0.000001037
Fan2_pim, 8539,  0.000000831,  0.000001012,  0.000001012,  0.000001012
Fan2_pim, 8540,  0.000000203,  0.000000753,  0.000000753,  0.000000753
Fan1_pim, 8541,  0.000000158,  0.000000118,  0.000000118,  0.000000118
Fan1_pim, 8542,  0.000000080,  0.000000060,  0.000000060,  0.000000060
Fan1_pim, 8543,  0.000000008,  0.000000006,  0.000000006,  0.000000006
Fan2_pim, 8544,  0.000001060,  0.000001037,  0.000001037,  0.000001037
Fan2_pim, 8545,  0.000000754,  0.000001008,  0.000001008,  0.000001008
Fan2_pim, 8546,  0.000000203,  0.000000753,  0.000000753,  0.000000753
Fan1_pim, 8547,  0.000000157,  0.000000117,  0.000000117,  0.000000117
Fan1_pim, 8548,  0.000000079,  0.000000059,  0.000000059,  0.000000059
Fan1_pim, 8549,  0.000000008,  0.000000006,  0.000000006,  0.000000006
Fan2_pim, 8550,  0.000001052,  0.000001037,  0.000001037,  0.000001037
Fan2_pim, 8551,  0.000000749,  0.000001004,  0.000001004,  0.000001004
Fan2_pim, 8552,  0.000000203,  0.000000753,  0.000000753,  0.000000753
Fan1_pim, 8553,  0.000000156,  0.000000117,  0.000000117,  0.000000117
Fan1_pim, 8554,  0.000000078,  0.000000058,  0.000000058,  0.000000058
Fan1_pim, 8555,  0.000000008,  0.000000006,  0.000000006,  0.000000006
Fan2_pim, 8556,  0.000001044,  0.000001037,  0.000001037,  0.000001037
Fan2_pim, 8557,  0.000000743,  0.000001000,  0.000001000,  0.000001000
Fan2_pim, 8558,  0.000000203,  0.000000753,  0.000000753,  0.000000753
Fan1_pim, 8559,  0.000000154,  0.000000116,  0.000000116,  0.000000116
Fan1_pim, 8560,  0.000000077,  0.000000057,  0.000000057,  0.000000057
Fan1_pim, 8561,  0.000000008,  0.000000006,  0.000000006,  0.000000006
Fan2_pim, 8562,  0.000001037,  0.000001037,  0.000001037,  0.000001037
Fan2_pim, 8563,  0.000000738,  0.000000996,  0.000000996,  0.000000996
Fan2_pim, 8564,  0.000000203,  0.000000753,  0.000000753,  0.000000753
Fan1_pim, 8565,  0.000000153,  0.000000115,  0.000000115,  0.000000115
Fan1_pim, 8566,  0.000000076,  0.000000057,  0.000000057,  0.000000057
Fan1_pim, 8567,  0.000000008,  0.000000006,  0.000000006,  0.000000006
Fan2_pim, 8568,  0.000001029,  0.000001012,  0.000001012,  0.000001012
Fan2_pim, 8569,  0.000000732,  0.000000992,  0.000000992,  0.000000992
Fan2_pim, 8570,  0.000000203,  0.000000753,  0.000000753,  0.000000753
Fan1_pim, 8571,  0.000000152,  0.000000114,  0.000000114,  0.000000114
Fan1_pim, 8572,  0.000000074,  0.000000056,  0.000000056,  0.000000056
Fan1_pim, 8573,  0.000000008,  0.000000006,  0.000000006,  0.000000006
Fan2_pim, 8574,  0.000000878,  0.000001012,  0.000001012,  0.000001012
Fan2_pim, 8575,  0.000000727,  0.000000988,  0.000000988,  0.000000988
Fan2_pim, 8576,  0.000000203,  0.000000753,  0.000000753,  0.000000753
Fan1_pim, 8577,  0.000000151,  0.000000113,  0.000000113,  0.000000113
Fan1_pim, 8578,  0.000000073,  0.000000055,  0.000000055,  0.000000055
Fan1_pim, 8579,  0.000000008,  0.000000006,  0.000000006,  0.000000006
Fan2_pim, 8580,  0.000000871,  0.000001012,  0.000001012,  0.000001012
Fan2_pim, 8581,  0.000000721,  0.000000984,  0.000000984,  0.000000984
Fan2_pim, 8582,  0.000000203,  0.000000753,  0.000000753,  0.000000753
Fan1_pim, 8583,  0.000000150,  0.000000113,  0.000000113,  0.000000113
Fan1_pim, 8584,  0.000000072,  0.000000054,  0.000000054,  0.000000054
Fan1_pim, 8585,  0.000000008,  0.000000006,  0.000000006,  0.000000006
Fan2_pim, 8586,  0.000000864,  0.000001012,  0.000001012,  0.000001012
Fan2_pim, 8587,  0.000000716,  0.000000980,  0.000000980,  0.000000980
Fan2_pim, 8588,  0.000000203,  0.000000753,  0.000000753,  0.000000753
Fan1_pim, 8589,  0.000000149,  0.000000112,  0.000000112,  0.000000112
Fan1_pim, 8590,  0.000000071,  0.000000053,  0.000000053,  0.000000053
Fan1_pim, 8591,  0.000000008,  0.000000006,  0.000000006,  0.000000006
Fan2_pim, 8592,  0.000000858,  0.000001012,  0.000001012,  0.000001012
Fan2_pim, 8593,  0.000000710,  0.000000976,  0.000000976,  0.000000976
Fan2_pim, 8594,  0.000000203,  0.000000753,  0.000000753,  0.000000753
Fan1_pim, 8595,  0.000000148,  0.000000111,  0.000000111,  0.000000111
Fan1_pim, 8596,  0.000000070,  0.000000053,  0.000000053,  0.000000053
Fan1_pim, 8597,  0.000000008,  0.000000006,  0.000000006,  0.000000006
Fan2_pim, 8598,  0.000000851,  0.000001012,  0.000001012,  0.000001012
Fan2_pim, 8599,  0.000000704,  0.000000971,  0.000000971,  0.000000971
Fan2_pim, 8600,  0.000000203,  0.000000753,  0.000000753,  0.000000753
Fan1_pim, 8601,  0.000000147,  0.000000110,  0.000000110,  0.000000110
Fan1_pim, 8602,  0.000000069,  0.000000052,  0.000000052,  0.000000052
Fan1_pim, 8603,  0.000000008,  0.000000006,  0.000000006,  0.000000006
Fan2_pim, 8604,  0.000000844,  0.000001012,  0.000001012,  0.000001012
Fan2_pim, 8605,  0.000000699,  0.000000968,  0.000000968,  0.000000968
Fan2_pim, 8606,  0.000000203,  0.000000753,  0.000000753,  0.000000753
Fan1_pim, 8607,  0.000000146,  0.000000109,  0.000000109,  0.000000109
Fan1_pim, 8608,  0.000000068,  0.000000051,  0.000000051,  0.000000051
Fan1_pim, 8609,  0.000000008,  0.000000006,  0.000000006,  0.000000006
Fan2_pim, 8610,  0.000000838,  0.000001012,  0.000001012,  0.000001012
Fan2_pim, 8611,  0.000000693,  0.000000964,  0.000000964,  0.000000964
Fan2_pim, 8612,  0.000000203,  0.000000753,  0.000000753,  0.000000753
Fan1_pim, 8613,  0.000000144,  0.000000108,  0.000000108,  0.000000108
Fan1_pim, 8614,  0.000000067,  0.000000050,  0.000000050,  0.000000050
Fan1_pim, 8615,  0.000000008,  0.000000006,  0.000000006,  0.000000006
Fan2_pim, 8616,  0.000000831,  0.000001012,  0.000001012,  0.000001012
Fan2_pim, 8617,  0.000000688,  0.000000959,  0.000000959,  0.000000959
Fan2_pim, 8618,  0.000000203,  0.000000753,  0.000000753,  0.000000753
Fan1_pim, 8619,  0.000000143,  0.000000107,  0.000000107,  0.000000107
Fan1_pim, 8620,  0.000000066,  0.000000049,  0.000000049,  0.000000049
Fan1_pim, 8621,  0.000000008,  0.000000006,  0.000000006,  0.000000006
Fan2_pim, 8622,  0.000000825,  0.000001012,  0.000001012,  0.000001012
Fan2_pim, 8623,  0.000000682,  0.000000955,  0.000000955,  0.000000955
Fan2_pim, 8624,  0.000000203,  0.000000753,  0.000000753,  0.000000753
Fan1_pim, 8625,  0.000000142,  0.000000107,  0.000000107,  0.000000107
Fan1_pim, 8626,  0.000000064,  0.000000048,  0.000000048,  0.000000048
Fan1_pim, 8627,  0.000000008,  0.000000006,  0.000000006,  0.000000006
Fan2_pim, 8628,  0.000000818,  0.000001012,  0.000001012,  0.000001012
Fan2_pim, 8629,  0.000000677,  0.000000934,  0.000000934,  0.000000934
Fan2_pim, 8630,  0.000000203,  0.000000753,  0.000000753,  0.000000753
Fan1_pim, 8631,  0.000000141,  0.000000106,  0.000000106,  0.000000106
Fan1_pim, 8632,  0.000000063,  0.000000047,  0.000000047,  0.000000047
Fan1_pim, 8633,  0.000000008,  0.000000006,  0.000000006,  0.000000006
Fan2_pim, 8634,  0.000000848,  0.000001012,  0.000001012,  0.000001012
Fan2_pim, 8635,  0.000000593,  0.000000931,  0.000000931,  0.000000931
Fan2_pim, 8636,  0.000000203,  0.000000753,  0.000000753,  0.000000753
Fan1_pim, 8637,  0.000000140,  0.000000105,  0.000000105,  0.000000105
Fan1_pim, 8638,  0.000000062,  0.000000047,  0.000000047,  0.000000047
Fan1_pim, 8639,  0.000000008,  0.000000006,  0.000000006,  0.000000006
Fan2_pim, 8640,  0.000000934,  0.000001012,  0.000001012,  0.000001012
Fan2_pim, 8641,  0.000000535,  0.000000927,  0.000000927,  0.000000927
Fan2_pim, 8642,  0.000000203,  0.000000753,  0.000000753,  0.000000753
Fan1_pim, 8643,  0.000000139,  0.000000104,  0.000000104,  0.000000104
Fan1_pim, 8644,  0.000000061,  0.000000046,  0.000000046,  0.000000046
Fan1_pim, 8645,  0.000000008,  0.000000006,  0.000000006,  0.000000006
Fan2_pim, 8646,  0.000000927,  0.000001012,  0.000001012,  0.000001012
Fan2_pim, 8647,  0.000000531,  0.000000923,  0.000000923,  0.000000923
Fan2_pim, 8648,  0.000000203,  0.000000753,  0.000000753,  0.000000753
Fan1_pim, 8649,  0.000000138,  0.000000103,  0.000000103,  0.000000103
Fan1_pim, 8650,  0.000000060,  0.000000045,  0.000000045,  0.000000045
Fan1_pim, 8651,  0.000000008,  0.000000006,  0.000000006,  0.000000006
Fan2_pim, 8652,  0.000000919,  0.000001012,  0.000001012,  0.000001012
Fan2_pim, 8653,  0.000000527,  0.000000919,  0.000000919,  0.000000919
Fan2_pim, 8654,  0.000000203,  0.000000753,  0.000000753,  0.000000753
Fan1_pim, 8655,  0.000000137,  0.000000103,  0.000000103,  0.000000103
Fan1_pim, 8656,  0.000000059,  0.000000044,  0.000000044,  0.000000044
Fan1_pim, 8657,  0.000000008,  0.000000006,  0.000000006,  0.000000006
Fan2_pim, 8658,  0.000000911,  0.000001012,  0.000001012,  0.000001012
Fan2_pim, 8659,  0.000000522,  0.000000917,  0.000000917,  0.000000917
Fan2_pim, 8660,  0.000000203,  0.000000753,  0.000000753,  0.000000753
Fan1_pim, 8661,  0.000000135,  0.000000102,  0.000000102,  0.000000102
Fan1_pim, 8662,  0.000000058,  0.000000043,  0.000000043,  0.000000043
Fan1_pim, 8663,  0.000000008,  0.000000006,  0.000000006,  0.000000006
Fan2_pim, 8664,  0.000000903,  0.000000988,  0.000000988,  0.000000988
Fan2_pim, 8665,  0.000000518,  0.000000913,  0.000000913,  0.000000913
Fan2_pim, 8666,  0.000000203,  0.000000753,  0.000000753,  0.000000753
Fan1_pim, 8667,  0.000000134,  0.000000101,  0.000000101,  0.000000101
Fan1_pim, 8668,  0.000000057,  0.000000043,  0.000000043,  0.000000043
Fan1_pim, 8669,  0.000000008,  0.000000006,  0.000000006,  0.000000006
Fan2_pim, 8670,  0.000000770,  0.000000988,  0.000000988,  0.000000988
Fan2_pim, 8671,  0.000000513,  0.000000909,  0.000000909,  0.000000909
Fan2_pim, 8672,  0.000000203,  0.000000753,  0.000000753,  0.000000753
Fan1_pim, 8673,  0.000000133,  0.000000100,  0.000000100,  0.000000100
Fan1_pim, 8674,  0.000000055,  0.000000042,  0.000000042,  0.000000042
Fan1_pim, 8675,  0.000000008,  0.000000006,  0.000000006,  0.000000006
Fan2_pim, 8676,  0.000000763,  0.000000988,  0.000000988,  0.000000988
Fan2_pim, 8677,  0.000000509,  0.000000904,  0.000000904,  0.000000904
Fan2_pim, 8678,  0.000000203,  0.000000753,  0.000000753,  0.000000753
Fan1_pim, 8679,  0.000000132,  0.000000099,  0.000000099,  0.000000099
Fan1_pim, 8680,  0.000000054,  0.000000041,  0.000000041,  0.000000041
Fan1_pim, 8681,  0.000000008,  0.000000006,  0.000000006,  0.000000006
Fan2_pim, 8682,  0.000000757,  0.000000988,  0.000000988,  0.000000988
Fan2_pim, 8683,  0.000000505,  0.000000902,  0.000000902,  0.000000902
Fan2_pim, 8684,  0.000000203,  0.000000753,  0.000000753,  0.000000753
Fan1_pim, 8685,  0.000000131,  0.000000098,  0.000000098,  0.000000098
Fan1_pim, 8686,  0.000000053,  0.000000040,  0.000000040,  0.000000040
Fan1_pim, 8687,  0.000000008,  0.000000006,  0.000000006,  0.000000006
Fan2_pim, 8688,  0.000000750,  0.000000988,  0.000000988,  0.000000988
Fan2_pim, 8689,  0.000000500,  0.000000898,  0.000000898,  0.000000898
Fan2_pim, 8690,  0.000000203,  0.000000753,  0.000000753,  0.000000753
Fan1_pim, 8691,  0.000000130,  0.000000097,  0.000000097,  0.000000097
Fan1_pim, 8692,  0.000000052,  0.000000039,  0.000000039,  0.000000039
Fan1_pim, 8693,  0.000000008,  0.000000006,  0.000000006,  0.000000006
Fan2_pim, 8694,  0.000000743,  0.000000988,  0.000000988,  0.000000988
Fan2_pim, 8695,  0.000000496,  0.000000894,  0.000000894,  0.000000894
Fan2_pim, 8696,  0.000000203,  0.000000753,  0.000000753,  0.000000753
Fan1_pim, 8697,  0.000000129,  0.000000097,  0.000000097,  0.000000097
Fan1_pim, 8698,  0.000000051,  0.000000038,  0.000000038,  0.000000038
Fan1_pim, 8699,  0.000000008,  0.000000006,  0.000000006,  0.000000006
Fan2_pim, 8700,  0.000000737,  0.000000988,  0.000000988,  0.000000988
Fan2_pim, 8701,  0.000000491,  0.000000890,  0.000000890,  0.000000890
Fan2_pim, 8702,  0.000000203,  0.000000753,  0.000000753,  0.000000753
Fan1_pim, 8703,  0.000000128,  0.000000096,  0.000000096,  0.000000096
Fan1_pim, 8704,  0.000000050,  0.000000037,  0.000000037,  0.000000037
Fan1_pim, 8705,  0.000000008,  0.000000006,  0.000000006,  0.000000006
Fan2_pim, 8706,  0.000000730,  0.000000988,  0.000000988,  0.000000988
Fan2_pim, 8707,  0.000000487,  0.000000887,  0.000000887,  0.000000887
Fan2_pim, 8708,  0.000000203,  0.000000753,  0.000000753,  0.000000753
Fan1_pim, 8709,  0.000000127,  0.000000095,  0.000000095,  0.000000095
Fan1_pim, 8710,  0.000000049,  0.000000037,  0.000000037,  0.000000037
Fan1_pim, 8711,  0.000000008,  0.000000006,  0.000000006,  0.000000006
Fan2_pim, 8712,  0.000000723,  0.000000988,  0.000000988,  0.000000988
Fan2_pim, 8713,  0.000000482,  0.000000883,  0.000000883,  0.000000883
Fan2_pim, 8714,  0.000000203,  0.000000753,  0.000000753,  0.000000753
Fan1_pim, 8715,  0.000000126,  0.000000094,  0.000000094,  0.000000094
Fan1_pim, 8716,  0.000000048,  0.000000036,  0.000000036,  0.000000036
Fan1_pim, 8717,  0.000000008,  0.000000006,  0.000000006,  0.000000006
Fan2_pim, 8718,  0.000000717,  0.000000988,  0.000000988,  0.000000988
Fan2_pim, 8719,  0.000000478,  0.000000879,  0.000000879,  0.000000879
Fan2_pim, 8720,  0.000000203,  0.000000753,  0.000000753,  0.000000753
Fan1_pim, 8721,  0.000000124,  0.000000093,  0.000000093,  0.000000093
Fan1_pim, 8722,  0.000000047,  0.000000035,  0.000000035,  0.000000035
Fan1_pim, 8723,  0.000000008,  0.000000006,  0.000000006,  0.000000006
Fan2_pim, 8724,  0.000000710,  0.000000988,  0.000000988,  0.000000988
Fan2_pim, 8725,  0.000000473,  0.000000864,  0.000000864,  0.000000864
Fan2_pim, 8726,  0.000000203,  0.000000753,  0.000000753,  0.000000753
Fan1_pim, 8727,  0.000000123,  0.000000093,  0.000000093,  0.000000093
Fan1_pim, 8728,  0.000000046,  0.000000034,  0.000000034,  0.000000034
Fan1_pim, 8729,  0.000000008,  0.000000006,  0.000000006,  0.000000006
Fan2_pim, 8730,  0.000000740,  0.000000988,  0.000000988,  0.000000988
Fan2_pim, 8731,  0.000000391,  0.000000862,  0.000000862,  0.000000862
Fan2_pim, 8732,  0.000000203,  0.000000753,  0.000000753,  0.000000753
Fan1_pim, 8733,  0.000000122,  0.000000092,  0.000000092,  0.000000092
Fan1_pim, 8734,  0.000000044,  0.000000033,  0.000000033,  0.000000033
Fan1_pim, 8735,  0.000000008,  0.000000006,  0.000000006,  0.000000006
Fan2_pim, 8736,  0.000000809,  0.000000988,  0.000000988,  0.000000988
Fan2_pim, 8737,  0.000000352,  0.000000858,  0.000000858,  0.000000858
Fan2_pim, 8738,  0.000000203,  0.000000753,  0.000000753,  0.000000753
Fan1_pim, 8739,  0.000000121,  0.000000091,  0.000000091,  0.000000091
Fan1_pim, 8740,  0.000000043,  0.000000033,  0.000000033,  0.000000033
Fan1_pim, 8741,  0.000000008,  0.000000006,  0.000000006,  0.000000006
Fan2_pim, 8742,  0.000000801,  0.000000988,  0.000000988,  0.000000988
Fan2_pim, 8743,  0.000000349,  0.000000854,  0.000000854,  0.000000854
Fan2_pim, 8744,  0.000000203,  0.000000753,  0.000000753,  0.000000753
Fan1_pim, 8745,  0.000000120,  0.000000090,  0.000000090,  0.000000090
Fan1_pim, 8746,  0.000000042,  0.000000032,  0.000000032,  0.000000032
Fan1_pim, 8747,  0.000000008,  0.000000006,  0.000000006,  0.000000006
Fan2_pim, 8748,  0.000000793,  0.000000988,  0.000000988,  0.000000988
Fan2_pim, 8749,  0.000000346,  0.000000851,  0.000000851,  0.000000851
Fan2_pim, 8750,  0.000000203,  0.000000753,  0.000000753,  0.000000753
Fan1_pim, 8751,  0.000000119,  0.000000089,  0.000000089,  0.000000089
Fan1_pim, 8752,  0.000000041,  0.000000031,  0.000000031,  0.000000031
Fan1_pim, 8753,  0.000000008,  0.000000006,  0.000000006,  0.000000006
Fan2_pim, 8754,  0.000000786,  0.000000988,  0.000000988,  0.000000988
Fan2_pim, 8755,  0.000000342,  0.000000848,  0.000000848,  0.000000848
Fan2_pim, 8756,  0.000000203,  0.000000753,  0.000000753,  0.000000753
Fan1_pim, 8757,  0.000000118,  0.000000088,  0.000000088,  0.000000088
Fan1_pim, 8758,  0.000000040,  0.000000030,  0.000000030,  0.000000030
Fan1_pim, 8759,  0.000000008,  0.000000006,  0.000000006,  0.000000006
Fan2_pim, 8760,  0.000000778,  0.000000966,  0.000000966,  0.000000966
Fan2_pim, 8761,  0.000000339,  0.000000844,  0.000000844,  0.000000844
Fan2_pim, 8762,  0.000000203,  0.000000753,  0.000000753,  0.000000753
Fan1_pim, 8763,  0.000000117,  0.000000087,  0.000000087,  0.000000087
Fan1_pim, 8764,  0.000000039,  0.000000029,  0.000000029,  0.000000029
Fan1_pim, 8765,  0.000000008,  0.000000006,  0.000000006,  0.000000006
Fan2_pim, 8766,  0.000000662,  0.000000966,  0.000000966,  0.000000966
Fan2_pim, 8767,  0.000000336,  0.000000840,  0.000000840,  0.000000840
Fan2_pim, 8768,  0.000000203,  0.000000753,  0.000000753,  0.000000753
Fan1_pim, 8769,  0.000000116,  0.000000087,  0.000000087,  0.000000087
Fan1_pim, 8770,  0.000000038,  0.000000028,  0.000000028,  0.000000028
Fan1_pim, 8771,  0.000000008,  0.000000006,  0.000000006,  0.000000006
Fan2_pim, 8772,  0.000000656,  0.000000966,  0.000000966,  0.000000966
Fan2_pim, 8773,  0.000000332,  0.000000837,  0.000000837,  0.000000837
Fan2_pim, 8774,  0.000000203,  0.000000753,  0.000000753,  0.000000753
Fan1_pim, 8775,  0.000000114,  0.000000086,  0.000000086,  0.000000086
Fan1_pim, 8776,  0.000000037,  0.000000027,  0.000000027,  0.000000027
Fan1_pim, 8777,  0.000000008,  0.000000006,  0.000000006,  0.000000006
Fan2_pim, 8778,  0.000000649,  0.000000966,  0.000000966,  0.000000966
Fan2_pim, 8779,  0.000000329,  0.000000835,  0.000000835,  0.000000835
Fan2_pim, 8780,  0.000000203,  0.000000753,  0.000000753,  0.000000753
Fan1_pim, 8781,  0.000000113,  0.000000085,  0.000000085,  0.000000085
Fan1_pim, 8782,  0.000000036,  0.000000027,  0.000000027,  0.000000027
Fan1_pim, 8783,  0.000000008,  0.000000006,  0.000000006,  0.000000006
Fan2_pim, 8784,  0.000000642,  0.000000966,  0.000000966,  0.000000966
Fan2_pim, 8785,  0.000000326,  0.000000831,  0.000000831,  0.000000831
Fan2_pim, 8786,  0.000000203,  0.000000753,  0.000000753,  0.000000753
Fan1_pim, 8787,  0.000000112,  0.000000084,  0.000000084,  0.000000084
Fan1_pim, 8788,  0.000000034,  0.000000026,  0.000000026,  0.000000026
Fan1_pim, 8789,  0.000000008,  0.000000006,  0.000000006,  0.000000006
Fan2_pim, 8790,  0.000000636,  0.000000966,  0.000000966,  0.000000966
Fan2_pim, 8791,  0.000000322,  0.000000827,  0.000000827,  0.000000827
Fan2_pim, 8792,  0.000000203,  0.000000753,  0.000000753,  0.000000753
Fan1_pim, 8793,  0.000000111,  0.000000083,  0.000000083,  0.000000083
Fan1_pim, 8794,  0.000000033,  0.000000025,  0.000000025,  0.000000025
Fan1_pim, 8795,  0.000000008,  0.000000006,  0.000000006,  0.000000006
Fan2_pim, 8796,  0.000000629,  0.000000966,  0.000000966,  0.000000966
Fan2_pim, 8797,  0.000000319,  0.000000824,  0.000000824,  0.000000824
Fan2_pim, 8798,  0.000000203,  0.000000753,  0.000000753,  0.000000753
Fan1_pim, 8799,  0.000000110,  0.000000083,  0.000000083,  0.000000083
Fan1_pim, 8800,  0.000000032,  0.000000024,  0.000000024,  0.000000024
Fan1_pim, 8801,  0.000000008,  0.000000006,  0.000000006,  0.000000006
Fan2_pim, 8802,  0.000000622,  0.000000966,  0.000000966,  0.000000966
Fan2_pim, 8803,  0.000000316,  0.000000822,  0.000000822,  0.000000822
Fan2_pim, 8804,  0.000000203,  0.000000753,  0.000000753,  0.000000753
Fan1_pim, 8805,  0.000000109,  0.000000082,  0.000000082,  0.000000082
Fan1_pim, 8806,  0.000000031,  0.000000023,  0.000000023,  0.000000023
Fan1_pim, 8807,  0.000000008,  0.000000006,  0.000000006,  0.000000006
Fan2_pim, 8808,  0.000000615,  0.000000966,  0.000000966,  0.000000966
Fan2_pim, 8809,  0.000000312,  0.000000818,  0.000000818,  0.000000818
Fan2_pim, 8810,  0.000000203,  0.000000753,  0.000000753,  0.000000753
Fan1_pim, 8811,  0.000000108,  0.000000081,  0.000000081,  0.000000081
Fan1_pim, 8812,  0.000000030,  0.000000023,  0.000000023,  0.000000023
Fan1_pim, 8813,  0.000000008,  0.000000006,  0.000000006,  0.000000006
Fan2_pim, 8814,  0.000000609,  0.000000966,  0.000000966,  0.000000966
Fan2_pim, 8815,  0.000000309,  0.000000813,  0.000000813,  0.000000813
Fan2_pim, 8816,  0.000000203,  0.000000753,  0.000000753,  0.000000753
Fan1_pim, 8817,  0.000000107,  0.000000080,  0.000000080,  0.000000080
Fan1_pim, 8818,  0.000000029,  0.000000022,  0.000000022,  0.000000022
Fan1_pim, 8819,  0.000000008,  0.000000006,  0.000000006,  0.000000006
Fan2_pim, 8820,  0.000000602,  0.000000966,  0.000000966,  0.000000966
Fan2_pim, 8821,  0.000000306,  0.000000806,  0.000000806,  0.000000806
Fan2_pim, 8822,  0.000000203,  0.000000753,  0.000000753,  0.000000753
Fan1_pim, 8823,  0.000000106,  0.000000079,  0.000000079,  0.000000079
Fan1_pim, 8824,  0.000000028,  0.000000021,  0.000000021,  0.000000021
Fan1_pim, 8825,  0.000000008,  0.000000006,  0.000000006,  0.000000006
Fan2_pim, 8826,  0.000000632,  0.000000966,  0.000000966,  0.000000966
Fan2_pim, 8827,  0.000000224,  0.000000803,  0.000000803,  0.000000803
Fan2_pim, 8828,  0.000000203,  0.000000753,  0.000000753,  0.000000753
Fan1_pim, 8829,  0.000000105,  0.000000078,  0.000000078,  0.000000078
Fan1_pim, 8830,  0.000000027,  0.000000020,  0.000000020,  0.000000020
Fan1_pim, 8831,  0.000000008,  0.000000006,  0.000000006,  0.000000006
Fan2_pim, 8832,  0.000000683,  0.000000966,  0.000000966,  0.000000966
Fan2_pim, 8833,  0.000000215,  0.000000799,  0.000000799,  0.000000799
Fan2_pim, 8834,  0.000000203,  0.000000753,  0.000000753,  0.000000753
Fan1_pim, 8835,  0.000000103,  0.000000077,  0.000000077,  0.000000077
Fan1_pim, 8836,  0.000000026,  0.000000019,  0.000000019,  0.000000019
Fan1_pim, 8837,  0.000000008,  0.000000006,  0.000000006,  0.000000006
Fan2_pim, 8838,  0.000000676,  0.000000966,  0.000000966,  0.000000966
Fan2_pim, 8839,  0.000000214,  0.000000796,  0.000000796,  0.000000796
Fan2_pim, 8840,  0.000000203,  0.000000753,  0.000000753,  0.000000753
Fan1_pim, 8841,  0.000000102,  0.000000077,  0.000000077,  0.000000077
Fan1_pim, 8842,  0.000000025,  0.000000018,  0.000000018,  0.000000018
Fan1_pim, 8843,  0.000000008,  0.000000006,  0.000000006,  0.000000006
Fan2_pim, 8844,  0.000000668,  0.000000966,  0.000000966,  0.000000966
Fan2_pim, 8845,  0.000000214,  0.000000793,  0.000000793,  0.000000793
Fan2_pim, 8846,  0.000000203,  0.000000753,  0.000000753,  0.000000753
Fan1_pim, 8847,  0.000000101,  0.000000076,  0.000000076,  0.000000076
Fan1_pim, 8848,  0.000000023,  0.000000017,  0.000000017,  0.000000017
Fan1_pim, 8849,  0.000000008,  0.000000006,  0.000000006,  0.000000006
Fan2_pim, 8850,  0.000000660,  0.000000966,  0.000000966,  0.000000966
Fan2_pim, 8851,  0.000000213,  0.000000791,  0.000000791,  0.000000791
Fan2_pim, 8852,  0.000000203,  0.000000753,  0.000000753,  0.000000753
Fan1_pim, 8853,  0.000000100,  0.000000075,  0.000000075,  0.000000075
Fan1_pim, 8854,  0.000000022,  0.000000017,  0.000000017,  0.000000017
Fan1_pim, 8855,  0.000000008,  0.000000006,  0.000000006,  0.000000006
Fan2_pim, 8856,  0.000000652,  0.000000943,  0.000000943,  0.000000943
Fan2_pim, 8857,  0.000000212,  0.000000787,  0.000000787,  0.000000787
Fan2_pim, 8858,  0.000000203,  0.000000753,  0.000000753,  0.000000753
Fan1_pim, 8859,  0.000000099,  0.000000074,  0.000000074,  0.000000074
Fan1_pim, 8860,  0.000000021,  0.000000016,  0.000000016,  0.000000016
Fan1_pim, 8861,  0.000000008,  0.000000006,  0.000000006,  0.000000006
Fan2_pim, 8862,  0.000000554,  0.000000943,  0.000000943,  0.000000943
Fan2_pim, 8863,  0.000000211,  0.000000784,  0.000000784,  0.000000784
Fan2_pim, 8864,  0.000000203,  0.000000753,  0.000000753,  0.000000753
Fan1_pim, 8865,  0.000000098,  0.000000073,  0.000000073,  0.000000073
Fan1_pim, 8866,  0.000000020,  0.000000015,  0.000000015,  0.000000015
Fan1_pim, 8867,  0.000000008,  0.000000006,  0.000000006,  0.000000006
Fan2_pim, 8868,  0.000000548,  0.000000943,  0.000000943,  0.000000943
Fan2_pim, 8869,  0.000000210,  0.000000781,  0.000000781,  0.000000781
Fan2_pim, 8870,  0.000000203,  0.000000753,  0.000000753,  0.000000753
Fan1_pim, 8871,  0.000000097,  0.000000073,  0.000000073,  0.000000073
Fan1_pim, 8872,  0.000000019,  0.000000014,  0.000000014,  0.000000014
Fan1_pim, 8873,  0.000000008,  0.000000006,  0.000000006,  0.000000006
Fan2_pim, 8874,  0.000000541,  0.000000943,  0.000000943,  0.000000943
Fan2_pim, 8875,  0.000000210,  0.000000779,  0.000000779,  0.000000779
Fan2_pim, 8876,  0.000000203,  0.000000753,  0.000000753,  0.000000753
Fan1_pim, 8877,  0.000000096,  0.000000072,  0.000000072,  0.000000072
Fan1_pim, 8878,  0.000000018,  0.000000013,  0.000000013,  0.000000013
Fan1_pim, 8879,  0.000000008,  0.000000006,  0.000000006,  0.000000006
Fan2_pim, 8880,  0.000000534,  0.000000943,  0.000000943,  0.000000943
Fan2_pim, 8881,  0.000000209,  0.000000775,  0.000000775,  0.000000775
Fan2_pim, 8882,  0.000000203,  0.000000753,  0.000000753,  0.000000753
Fan1_pim, 8883,  0.000000094,  0.000000071,  0.000000071,  0.000000071
Fan1_pim, 8884,  0.000000017,  0.000000013,  0.000000013,  0.000000013
Fan1_pim, 8885,  0.000000008,  0.000000006,  0.000000006,  0.000000006
Fan2_pim, 8886,  0.000000528,  0.000000943,  0.000000943,  0.000000943
Fan2_pim, 8887,  0.000000208,  0.000000772,  0.000000772,  0.000000772
Fan2_pim, 8888,  0.000000203,  0.000000753,  0.000000753,  0.000000753
Fan1_pim, 8889,  0.000000093,  0.000000070,  0.000000070,  0.000000070
Fan1_pim, 8890,  0.000000016,  0.000000012,  0.000000012,  0.000000012
Fan1_pim, 8891,  0.000000008,  0.000000006,  0.000000006,  0.000000006
Fan2_pim, 8892,  0.000000521,  0.000000943,  0.000000943,  0.000000943
Fan2_pim, 8893,  0.000000207,  0.000000769,  0.000000769,  0.000000769
Fan2_pim, 8894,  0.000000203,  0.000000753,  0.000000753,  0.000000753
Fan1_pim, 8895,  0.000000092,  0.000000069,  0.000000069,  0.000000069
Fan1_pim, 8896,  0.000000014,  0.000000011,  0.000000011,  0.000000011
Fan1_pim, 8897,  0.000000008,  0.000000006,  0.000000006,  0.000000006
Fan2_pim, 8898,  0.000000514,  0.000000943,  0.000000943,  0.000000943
Fan2_pim, 8899,  0.000000206,  0.000000767,  0.000000767,  0.000000767
Fan2_pim, 8900,  0.000000203,  0.000000753,  0.000000753,  0.000000753
Fan1_pim, 8901,  0.000000091,  0.000000068,  0.000000068,  0.000000068
Fan1_pim, 8902,  0.000000013,  0.000000010,  0.000000010,  0.000000010
Fan1_pim, 8903,  0.000000008,  0.000000006,  0.000000006,  0.000000006
Fan2_pim, 8904,  0.000000508,  0.000000943,  0.000000943,  0.000000943
Fan2_pim, 8905,  0.000000205,  0.000000763,  0.000000763,  0.000000763
Fan2_pim, 8906,  0.000000203,  0.000000753,  0.000000753,  0.000000753
Fan1_pim, 8907,  0.000000090,  0.000000067,  0.000000067,  0.000000067
Fan1_pim, 8908,  0.000000012,  0.000000009,  0.000000009,  0.000000009
Fan1_pim, 8909,  0.000000008,  0.000000006,  0.000000006,  0.000000006
Fan2_pim, 8910,  0.000000501,  0.000000943,  0.000000943,  0.000000943
Fan2_pim, 8911,  0.000000205,  0.000000760,  0.000000760,  0.000000760
Fan2_pim, 8912,  0.000000203,  0.000000753,  0.000000753,  0.000000753
Fan1_pim, 8913,  0.000000089,  0.000000067,  0.000000067,  0.000000067
Fan1_pim, 8914,  0.000000008,  0.000000006,  0.000000006,  0.000000006
Fan1_pim, 8915,  0.000000008,  0.000000006,  0.000000006,  0.000000006
Fan2_pim, 8916,  0.000000494,  0.000000943,  0.000000943,  0.000000943
Fan2_pim, 8917,  0.000000204,  0.000000756,  0.000000756,  0.000000756
Fan2_pim, 8918,  0.000000203,  0.000000753,  0.000000753,  0.000000753
Fan1_pim, 8919,  0.000000088,  0.000000066,  0.000000066,  0.000000066
Fan1_pim, 8920,  0.000000008,  0.000000006,  0.000000006,  0.000000006
Fan1_pim, 8921,  0.000000008,  0.000000006,  0.000000006,  0.000000006
Fan2_pim, 8922,  0.000000488,  0.000000942,  0.000000942,  0.000000942
Fan2_pim, 8923,  0.000000203,  0.000000753,  0.000000753,  0.000000753
Fan2_pim, 8924,  0.000000203,  0.000000753,  0.000000753,  0.000000753
Fan1_pim, 8925,  0.000000087,  0.000000065,  0.000000065,  0.000000065
Fan1_pim, 8926,  0.000000008,  0.000000006,  0.000000006,  0.000000006
Fan1_pim, 8927,  0.000000008,  0.000000006,  0.000000006,  0.000000006
Fan2_pim, 8928,  0.000000481,  0.000000939,  0.000000939,  0.000000939
Fan2_pim, 8929,  0.000000203,  0.000000753,  0.000000753,  0.000000753
Fan2_pim, 8930,  0.000000203,  0.000000753,  0.000000753,  0.000000753
Fan1_pim, 8931,  0.000000086,  0.000000064,  0.000000064,  0.000000064
Fan1_pim, 8932,  0.000000008,  0.000000006,  0.000000006,  0.000000006
Fan1_pim, 8933,  0.000000008,  0.000000006,  0.000000006,  0.000000006
Fan2_pim, 8934,  0.000000474,  0.000000936,  0.000000936,  0.000000936
Fan2_pim, 8935,  0.000000203,  0.000000753,  0.000000753,  0.000000753
Fan2_pim, 8936,  0.000000203,  0.000000753,  0.000000753,  0.000000753
Fan1_pim, 8937,  0.000000084,  0.000000063,  0.000000063,  0.000000063
Fan1_pim, 8938,  0.000000008,  0.000000006,  0.000000006,  0.000000006
Fan1_pim, 8939,  0.000000008,  0.000000006,  0.000000006,  0.000000006
Fan2_pim, 8940,  0.000000468,  0.000000933,  0.000000933,  0.000000933
Fan2_pim, 8941,  0.000000203,  0.000000753,  0.000000753,  0.000000753
Fan2_pim, 8942,  0.000000203,  0.000000753,  0.000000753,  0.000000753
Fan1_pim, 8943,  0.000000083,  0.000000063,  0.000000063,  0.000000063
Fan1_pim, 8944,  0.000000008,  0.000000006,  0.000000006,  0.000000006
Fan1_pim, 8945,  0.000000008,  0.000000006,  0.000000006,  0.000000006
Fan2_pim, 8946,  0.000000461,  0.000000931,  0.000000931,  0.000000931
Fan2_pim, 8947,  0.000000203,  0.000000753,  0.000000753,  0.000000753
Fan2_pim, 8948,  0.000000203,  0.000000753,  0.000000753,  0.000000753
Fan1_pim, 8949,  0.000000082,  0.000000062,  0.000000062,  0.000000062
Fan1_pim, 8950,  0.000000008,  0.000000006,  0.000000006,  0.000000006
Fan1_pim, 8951,  0.000000008,  0.000000006,  0.000000006,  0.000000006
Fan2_pim, 8952,  0.000000454,  0.000000905,  0.000000905,  0.000000905
Fan2_pim, 8953,  0.000000203,  0.000000753,  0.000000753,  0.000000753
Fan2_pim, 8954,  0.000000203,  0.000000753,  0.000000753,  0.000000753
Fan1_pim, 8955,  0.000000081,  0.000000061,  0.000000061,  0.000000061
Fan1_pim, 8956,  0.000000008,  0.000000006,  0.000000006,  0.000000006
Fan1_pim, 8957,  0.000000008,  0.000000006,  0.000000006,  0.000000006
Fan2_pim, 8958,  0.000000375,  0.000000904,  0.000000904,  0.000000904
Fan2_pim, 8959,  0.000000203,  0.000000753,  0.000000753,  0.000000753
Fan2_pim, 8960,  0.000000203,  0.000000753,  0.000000753,  0.000000753
Fan1_pim, 8961,  0.000000080,  0.000000060,  0.000000060,  0.000000060
Fan1_pim, 8962,  0.000000008,  0.000000006,  0.000000006,  0.000000006
Fan1_pim, 8963,  0.000000008,  0.000000006,  0.000000006,  0.000000006
Fan2_pim, 8964,  0.000000370,  0.000000901,  0.000000901,  0.000000901
Fan2_pim, 8965,  0.000000203,  0.000000753,  0.000000753,  0.000000753
Fan2_pim, 8966,  0.000000203,  0.000000753,  0.000000753,  0.000000753
Fan1_pim, 8967,  0.000000079,  0.000000059,  0.000000059,  0.000000059
Fan1_pim, 8968,  0.000000008,  0.000000006,  0.000000006,  0.000000006
Fan1_pim, 8969,  0.000000008,  0.000000006,  0.000000006,  0.000000006
Fan2_pim, 8970,  0.000000364,  0.000000898,  0.000000898,  0.000000898
Fan2_pim, 8971,  0.000000203,  0.000000753,  0.000000753,  0.000000753
Fan2_pim, 8972,  0.000000203,  0.000000753,  0.000000753,  0.000000753
Fan1_pim, 8973,  0.000000078,  0.000000058,  0.000000058,  0.000000058
Fan1_pim, 8974,  0.000000008,  0.000000006,  0.000000006,  0.000000006
Fan1_pim, 8975,  0.000000008,  0.000000006,  0.000000006,  0.000000006
Fan2_pim, 8976,  0.000000359,  0.000000896,  0.000000896,  0.000000896
Fan2_pim, 8977,  0.000000203,  0.000000753,  0.000000753,  0.000000753
Fan2_pim, 8978,  0.000000203,  0.000000753,  0.000000753,  0.000000753
Fan1_pim, 8979,  0.000000077,  0.000000057,  0.000000057,  0.000000057
Fan1_pim, 8980,  0.000000008,  0.000000006,  0.000000006,  0.000000006
Fan1_pim, 8981,  0.000000008,  0.000000006,  0.000000006,  0.000000006
Fan2_pim, 8982,  0.000000353,  0.000000894,  0.000000894,  0.000000894
Fan2_pim, 8983,  0.000000203,  0.000000753,  0.000000753,  0.000000753
Fan2_pim, 8984,  0.000000203,  0.000000753,  0.000000753,  0.000000753
Fan1_pim, 8985,  0.000000076,  0.000000057,  0.000000057,  0.000000057
Fan1_pim, 8986,  0.000000008,  0.000000006,  0.000000006,  0.000000006
Fan1_pim, 8987,  0.000000008,  0.000000006,  0.000000006,  0.000000006
Fan2_pim, 8988,  0.000000348,  0.000000891,  0.000000891,  0.000000891
Fan2_pim, 8989,  0.000000203,  0.000000753,  0.000000753,  0.000000753
Fan2_pim, 8990,  0.000000203,  0.000000753,  0.000000753,  0.000000753
Fan1_pim, 8991,  0.000000074,  0.000000056,  0.000000056,  0.000000056
Fan1_pim, 8992,  0.000000008,  0.000000006,  0.000000006,  0.000000006
Fan1_pim, 8993,  0.000000008,  0.000000006,  0.000000006,  0.000000006
Fan2_pim, 8994,  0.000000342,  0.000000889,  0.000000889,  0.000000889
Fan2_pim, 8995,  0.000000203,  0.000000753,  0.000000753,  0.000000753
Fan2_pim, 8996,  0.000000203,  0.000000753,  0.000000753,  0.000000753
Fan1_pim, 8997,  0.000000073,  0.000000055,  0.000000055,  0.000000055
Fan1_pim, 8998,  0.000000008,  0.000000006,  0.000000006,  0.000000006
Fan1_pim, 8999,  0.000000008,  0.000000006,  0.000000006,  0.000000006
Fan2_pim, 9000,  0.000000337,  0.000000886,  0.000000886,  0.000000886
Fan2_pim, 9001,  0.000000203,  0.000000753,  0.000000753,  0.000000753
Fan2_pim, 9002,  0.000000203,  0.000000753,  0.000000753,  0.000000753
Fan1_pim, 9003,  0.000000072,  0.000000054,  0.000000054,  0.000000054
Fan1_pim, 9004,  0.000000008,  0.000000006,  0.000000006,  0.000000006
Fan1_pim, 9005,  0.000000008,  0.000000006,  0.000000006,  0.000000006
Fan2_pim, 9006,  0.000000331,  0.000000885,  0.000000885,  0.000000885
Fan2_pim, 9007,  0.000000203,  0.000000753,  0.000000753,  0.000000753
Fan2_pim, 9008,  0.000000203,  0.000000753,  0.000000753,  0.000000753
Fan1_pim, 9009,  0.000000071,  0.000000053,  0.000000053,  0.000000053
Fan1_pim, 9010,  0.000000008,  0.000000006,  0.000000006,  0.000000006
Fan1_pim, 9011,  0.000000008,  0.000000006,  0.000000006,  0.000000006
Fan2_pim, 9012,  0.000000326,  0.000000882,  0.000000882,  0.000000882
Fan2_pim, 9013,  0.000000203,  0.000000753,  0.000000753,  0.000000753
Fan2_pim, 9014,  0.000000203,  0.000000753,  0.000000753,  0.000000753
Fan1_pim, 9015,  0.000000070,  0.000000053,  0.000000053,  0.000000053
Fan1_pim, 9016,  0.000000008,  0.000000006,  0.000000006,  0.000000006
Fan1_pim, 9017,  0.000000008,  0.000000006,  0.000000006,  0.000000006
Fan2_pim, 9018,  0.000000320,  0.000000879,  0.000000879,  0.000000879
Fan2_pim, 9019,  0.000000203,  0.000000753,  0.000000753,  0.000000753
Fan2_pim, 9020,  0.000000203,  0.000000753,  0.000000753,  0.000000753
Fan1_pim, 9021,  0.000000069,  0.000000052,  0.000000052,  0.000000052
Fan1_pim, 9022,  0.000000008,  0.000000006,  0.000000006,  0.000000006
Fan1_pim, 9023,  0.000000008,  0.000000006,  0.000000006,  0.000000006
Fan2_pim, 9024,  0.000000314,  0.000000877,  0.000000877,  0.000000877
Fan2_pim, 9025,  0.000000203,  0.000000753,  0.000000753,  0.000000753
Fan2_pim, 9026,  0.000000203,  0.000000753,  0.000000753,  0.000000753
Fan1_pim, 9027,  0.000000068,  0.000000051,  0.000000051,  0.000000051
Fan1_pim, 9028,  0.000000008,  0.000000006,  0.000000006,  0.000000006
Fan1_pim, 9029,  0.000000008,  0.000000006,  0.000000006,  0.000000006
Fan2_pim, 9030,  0.000000309,  0.000000875,  0.000000875,  0.000000875
Fan2_pim, 9031,  0.000000203,  0.000000753,  0.000000753,  0.000000753
Fan2_pim, 9032,  0.000000203,  0.000000753,  0.000000753,  0.000000753
Fan1_pim, 9033,  0.000000067,  0.000000050,  0.000000050,  0.000000050
Fan1_pim, 9034,  0.000000008,  0.000000006,  0.000000006,  0.000000006
Fan1_pim, 9035,  0.000000008,  0.000000006,  0.000000006,  0.000000006
Fan2_pim, 9036,  0.000000303,  0.000000873,  0.000000873,  0.000000873
Fan2_pim, 9037,  0.000000203,  0.000000753,  0.000000753,  0.000000753
Fan2_pim, 9038,  0.000000203,  0.000000753,  0.000000753,  0.000000753
Fan1_pim, 9039,  0.000000066,  0.000000049,  0.000000049,  0.000000049
Fan1_pim, 9040,  0.000000008,  0.000000006,  0.000000006,  0.000000006
Fan1_pim, 9041,  0.000000008,  0.000000006,  0.000000006,  0.000000006
Fan2_pim, 9042,  0.000000298,  0.000000870,  0.000000870,  0.000000870
Fan2_pim, 9043,  0.000000203,  0.000000753,  0.000000753,  0.000000753
Fan2_pim, 9044,  0.000000203,  0.000000753,  0.000000753,  0.000000753
Fan1_pim, 9045,  0.000000064,  0.000000048,  0.000000048,  0.000000048
Fan1_pim, 9046,  0.000000008,  0.000000006,  0.000000006,  0.000000006
Fan1_pim, 9047,  0.000000008,  0.000000006,  0.000000006,  0.000000006
Fan2_pim, 9048,  0.000000292,  0.000000851,  0.000000851,  0.000000851
Fan2_pim, 9049,  0.000000203,  0.000000753,  0.000000753,  0.000000753
Fan2_pim, 9050,  0.000000203,  0.000000753,  0.000000753,  0.000000753
Fan1_pim, 9051,  0.000000063,  0.000000047,  0.000000047,  0.000000047
Fan1_pim, 9052,  0.000000008,  0.000000006,  0.000000006,  0.000000006
Fan1_pim, 9053,  0.000000008,  0.000000006,  0.000000006,  0.000000006
Fan2_pim, 9054,  0.000000232,  0.000000850,  0.000000850,  0.000000850
Fan2_pim, 9055,  0.000000203,  0.000000753,  0.000000753,  0.000000753
Fan2_pim, 9056,  0.000000203,  0.000000753,  0.000000753,  0.000000753
Fan1_pim, 9057,  0.000000062,  0.000000047,  0.000000047,  0.000000047
Fan1_pim, 9058,  0.000000008,  0.000000006,  0.000000006,  0.000000006
Fan1_pim, 9059,  0.000000008,  0.000000006,  0.000000006,  0.000000006
Fan2_pim, 9060,  0.000000228,  0.000000847,  0.000000847,  0.000000847
Fan2_pim, 9061,  0.000000203,  0.000000753,  0.000000753,  0.000000753
Fan2_pim, 9062,  0.000000203,  0.000000753,  0.000000753,  0.000000753
Fan1_pim, 9063,  0.000000061,  0.000000046,  0.000000046,  0.000000046
Fan1_pim, 9064,  0.000000008,  0.000000006,  0.000000006,  0.000000006
Fan1_pim, 9065,  0.000000008,  0.000000006,  0.000000006,  0.000000006
Fan2_pim, 9066,  0.000000227,  0.000000845,  0.000000845,  0.000000845
Fan2_pim, 9067,  0.000000203,  0.000000753,  0.000000753,  0.000000753
Fan2_pim, 9068,  0.000000203,  0.000000753,  0.000000753,  0.000000753
Fan1_pim, 9069,  0.000000060,  0.000000045,  0.000000045,  0.000000045
Fan1_pim, 9070,  0.000000008,  0.000000006,  0.000000006,  0.000000006
Fan1_pim, 9071,  0.000000008,  0.000000006,  0.000000006,  0.000000006
Fan2_pim, 9072,  0.000000227,  0.000000843,  0.000000843,  0.000000843
Fan2_pim, 9073,  0.000000203,  0.000000753,  0.000000753,  0.000000753
Fan2_pim, 9074,  0.000000203,  0.000000753,  0.000000753,  0.000000753
Fan1_pim, 9075,  0.000000059,  0.000000044,  0.000000044,  0.000000044
Fan1_pim, 9076,  0.000000008,  0.000000006,  0.000000006,  0.000000006
Fan1_pim, 9077,  0.000000008,  0.000000006,  0.000000006,  0.000000006
Fan2_pim, 9078,  0.000000227,  0.000000842,  0.000000842,  0.000000842
Fan2_pim, 9079,  0.000000203,  0.000000753,  0.000000753,  0.000000753
Fan2_pim, 9080,  0.000000203,  0.000000753,  0.000000753,  0.000000753
Fan1_pim, 9081,  0.000000058,  0.000000043,  0.000000043,  0.000000043
Fan1_pim, 9082,  0.000000008,  0.000000006,  0.000000006,  0.000000006
Fan1_pim, 9083,  0.000000008,  0.000000006,  0.000000006,  0.000000006
Fan2_pim, 9084,  0.000000226,  0.000000839,  0.000000839,  0.000000839
Fan2_pim, 9085,  0.000000203,  0.000000753,  0.000000753,  0.000000753
Fan2_pim, 9086,  0.000000203,  0.000000753,  0.000000753,  0.000000753
Fan1_pim, 9087,  0.000000057,  0.000000043,  0.000000043,  0.000000043
Fan1_pim, 9088,  0.000000008,  0.000000006,  0.000000006,  0.000000006
Fan1_pim, 9089,  0.000000008,  0.000000006,  0.000000006,  0.000000006
Fan2_pim, 9090,  0.000000225,  0.000000837,  0.000000837,  0.000000837
Fan2_pim, 9091,  0.000000203,  0.000000753,  0.000000753,  0.000000753
Fan2_pim, 9092,  0.000000203,  0.000000753,  0.000000753,  0.000000753
Fan1_pim, 9093,  0.000000055,  0.000000042,  0.000000042,  0.000000042
Fan1_pim, 9094,  0.000000008,  0.000000006,  0.000000006,  0.000000006
Fan1_pim, 9095,  0.000000008,  0.000000006,  0.000000006,  0.000000006
Fan2_pim, 9096,  0.000000225,  0.000000835,  0.000000835,  0.000000835
Fan2_pim, 9097,  0.000000203,  0.000000753,  0.000000753,  0.000000753
Fan2_pim, 9098,  0.000000203,  0.000000753,  0.000000753,  0.000000753
Fan1_pim, 9099,  0.000000054,  0.000000041,  0.000000041,  0.000000041
Fan1_pim, 9100,  0.000000008,  0.000000006,  0.000000006,  0.000000006
Fan1_pim, 9101,  0.000000008,  0.000000006,  0.000000006,  0.000000006
Fan2_pim, 9102,  0.000000224,  0.000000834,  0.000000834,  0.000000834
Fan2_pim, 9103,  0.000000203,  0.000000753,  0.000000753,  0.000000753
Fan2_pim, 9104,  0.000000203,  0.000000753,  0.000000753,  0.000000753
Fan1_pim, 9105,  0.000000053,  0.000000040,  0.000000040,  0.000000040
Fan1_pim, 9106,  0.000000008,  0.000000006,  0.000000006,  0.000000006
Fan1_pim, 9107,  0.000000008,  0.000000006,  0.000000006,  0.000000006
Fan2_pim, 9108,  0.000000224,  0.000000831,  0.000000831,  0.000000831
Fan2_pim, 9109,  0.000000203,  0.000000753,  0.000000753,  0.000000753
Fan2_pim, 9110,  0.000000203,  0.000000753,  0.000000753,  0.000000753
Fan1_pim, 9111,  0.000000052,  0.000000039,  0.000000039,  0.000000039
Fan1_pim, 9112,  0.000000008,  0.000000006,  0.000000006,  0.000000006
Fan1_pim, 9113,  0.000000008,  0.000000006,  0.000000006,  0.000000006
Fan2_pim, 9114,  0.000000223,  0.000000829,  0.000000829,  0.000000829
Fan2_pim, 9115,  0.000000203,  0.000000753,  0.000000753,  0.000000753
Fan2_pim, 9116,  0.000000203,  0.000000753,  0.000000753,  0.000000753
Fan1_pim, 9117,  0.000000051,  0.000000038,  0.000000038,  0.000000038
Fan1_pim, 9118,  0.000000008,  0.000000006,  0.000000006,  0.000000006
Fan1_pim, 9119,  0.000000008,  0.000000006,  0.000000006,  0.000000006
Fan2_pim, 9120,  0.000000223,  0.000000827,  0.000000827,  0.000000827
Fan2_pim, 9121,  0.000000203,  0.000000753,  0.000000753,  0.000000753
Fan2_pim, 9122,  0.000000203,  0.000000753,  0.000000753,  0.000000753
Fan1_pim, 9123,  0.000000050,  0.000000037,  0.000000037,  0.000000037
Fan1_pim, 9124,  0.000000008,  0.000000006,  0.000000006,  0.000000006
Fan1_pim, 9125,  0.000000008,  0.000000006,  0.000000006,  0.000000006
Fan2_pim, 9126,  0.000000222,  0.000000826,  0.000000826,  0.000000826
Fan2_pim, 9127,  0.000000203,  0.000000753,  0.000000753,  0.000000753
Fan2_pim, 9128,  0.000000203,  0.000000753,  0.000000753,  0.000000753
Fan1_pim, 9129,  0.000000049,  0.000000037,  0.000000037,  0.000000037
Fan1_pim, 9130,  0.000000008,  0.000000006,  0.000000006,  0.000000006
Fan1_pim, 9131,  0.000000008,  0.000000006,  0.000000006,  0.000000006
Fan2_pim, 9132,  0.000000222,  0.000000823,  0.000000823,  0.000000823
Fan2_pim, 9133,  0.000000203,  0.000000753,  0.000000753,  0.000000753
Fan2_pim, 9134,  0.000000203,  0.000000753,  0.000000753,  0.000000753
Fan1_pim, 9135,  0.000000048,  0.000000036,  0.000000036,  0.000000036
Fan1_pim, 9136,  0.000000008,  0.000000006,  0.000000006,  0.000000006
Fan1_pim, 9137,  0.000000008,  0.000000006,  0.000000006,  0.000000006
Fan2_pim, 9138,  0.000000221,  0.000000821,  0.000000821,  0.000000821
Fan2_pim, 9139,  0.000000203,  0.000000753,  0.000000753,  0.000000753
Fan2_pim, 9140,  0.000000203,  0.000000753,  0.000000753,  0.000000753
Fan1_pim, 9141,  0.000000047,  0.000000035,  0.000000035,  0.000000035
Fan1_pim, 9142,  0.000000008,  0.000000006,  0.000000006,  0.000000006
Fan1_pim, 9143,  0.000000008,  0.000000006,  0.000000006,  0.000000006
Fan2_pim, 9144,  0.000000218,  0.000000808,  0.000000808,  0.000000808
Fan2_pim, 9145,  0.000000203,  0.000000753,  0.000000753,  0.000000753
Fan2_pim, 9146,  0.000000203,  0.000000753,  0.000000753,  0.000000753
Fan1_pim, 9147,  0.000000046,  0.000000034,  0.000000034,  0.000000034
Fan1_pim, 9148,  0.000000008,  0.000000006,  0.000000006,  0.000000006
Fan1_pim, 9149,  0.000000008,  0.000000006,  0.000000006,  0.000000006
Fan2_pim, 9150,  0.000000217,  0.000000807,  0.000000807,  0.000000807
Fan2_pim, 9151,  0.000000203,  0.000000753,  0.000000753,  0.000000753
Fan2_pim, 9152,  0.000000203,  0.000000753,  0.000000753,  0.000000753
Fan1_pim, 9153,  0.000000044,  0.000000033,  0.000000033,  0.000000033
Fan1_pim, 9154,  0.000000008,  0.000000006,  0.000000006,  0.000000006
Fan1_pim, 9155,  0.000000008,  0.000000006,  0.000000006,  0.000000006
Fan2_pim, 9156,  0.000000217,  0.000000805,  0.000000805,  0.000000805
Fan2_pim, 9157,  0.000000203,  0.000000753,  0.000000753,  0.000000753
Fan2_pim, 9158,  0.000000203,  0.000000753,  0.000000753,  0.000000753
Fan1_pim, 9159,  0.000000043,  0.000000033,  0.000000033,  0.000000033
Fan1_pim, 9160,  0.000000008,  0.000000006,  0.000000006,  0.000000006
Fan1_pim, 9161,  0.000000008,  0.000000006,  0.000000006,  0.000000006
Fan2_pim, 9162,  0.000000216,  0.000000803,  0.000000803,  0.000000803
Fan2_pim, 9163,  0.000000203,  0.000000753,  0.000000753,  0.000000753
Fan2_pim, 9164,  0.000000203,  0.000000753,  0.000000753,  0.000000753
Fan1_pim, 9165,  0.000000042,  0.000000032,  0.000000032,  0.000000032
Fan1_pim, 9166,  0.000000008,  0.000000006,  0.000000006,  0.000000006
Fan1_pim, 9167,  0.000000008,  0.000000006,  0.000000006,  0.000000006
Fan2_pim, 9168,  0.000000216,  0.000000802,  0.000000802,  0.000000802
Fan2_pim, 9169,  0.000000203,  0.000000753,  0.000000753,  0.000000753
Fan2_pim, 9170,  0.000000203,  0.000000753,  0.000000753,  0.000000753
Fan1_pim, 9171,  0.000000041,  0.000000031,  0.000000031,  0.000000031
Fan1_pim, 9172,  0.000000008,  0.000000006,  0.000000006,  0.000000006
Fan1_pim, 9173,  0.000000008,  0.000000006,  0.000000006,  0.000000006
Fan2_pim, 9174,  0.000000216,  0.000000800,  0.000000800,  0.000000800
Fan2_pim, 9175,  0.000000203,  0.000000753,  0.000000753,  0.000000753
Fan2_pim, 9176,  0.000000203,  0.000000753,  0.000000753,  0.000000753
Fan1_pim, 9177,  0.000000040,  0.000000030,  0.000000030,  0.000000030
Fan1_pim, 9178,  0.000000008,  0.000000006,  0.000000006,  0.000000006
Fan1_pim, 9179,  0.000000008,  0.000000006,  0.000000006,  0.000000006
Fan2_pim, 9180,  0.000000215,  0.000000798,  0.000000798,  0.000000798
Fan2_pim, 9181,  0.000000203,  0.000000753,  0.000000753,  0.000000753
Fan2_pim, 9182,  0.000000203,  0.000000753,  0.000000753,  0.000000753
Fan1_pim, 9183,  0.000000039,  0.000000029,  0.000000029,  0.000000029
Fan1_pim, 9184,  0.000000008,  0.000000006,  0.000000006,  0.000000006
Fan1_pim, 9185,  0.000000008,  0.000000006,  0.000000006,  0.000000006
Fan2_pim, 9186,  0.000000214,  0.000000796,  0.000000796,  0.000000796
Fan2_pim, 9187,  0.000000203,  0.000000753,  0.000000753,  0.000000753
Fan2_pim, 9188,  0.000000203,  0.000000753,  0.000000753,  0.000000753
Fan1_pim, 9189,  0.000000038,  0.000000028,  0.000000028,  0.000000028
Fan1_pim, 9190,  0.000000008,  0.000000006,  0.000000006,  0.000000006
Fan1_pim, 9191,  0.000000008,  0.000000006,  0.000000006,  0.000000006
Fan2_pim, 9192,  0.000000214,  0.000000795,  0.000000795,  0.000000795
Fan2_pim, 9193,  0.000000203,  0.000000753,  0.000000753,  0.000000753
Fan2_pim, 9194,  0.000000203,  0.000000753,  0.000000753,  0.000000753
Fan1_pim, 9195,  0.000000037,  0.000000027,  0.000000027,  0.000000027
Fan1_pim, 9196,  0.000000008,  0.000000006,  0.000000006,  0.000000006
Fan1_pim, 9197,  0.000000008,  0.000000006,  0.000000006,  0.000000006
Fan2_pim, 9198,  0.000000214,  0.000000794,  0.000000794,  0.000000794
Fan2_pim, 9199,  0.000000203,  0.000000753,  0.000000753,  0.000000753
Fan2_pim, 9200,  0.000000203,  0.000000753,  0.000000753,  0.000000753
Fan1_pim, 9201,  0.000000036,  0.000000027,  0.000000027,  0.000000027
Fan1_pim, 9202,  0.000000008,  0.000000006,  0.000000006,  0.000000006
Fan1_pim, 9203,  0.000000008,  0.000000006,  0.000000006,  0.000000006
Fan2_pim, 9204,  0.000000213,  0.000000791,  0.000000791,  0.000000791
Fan2_pim, 9205,  0.000000203,  0.000000753,  0.000000753,  0.000000753
Fan2_pim, 9206,  0.000000203,  0.000000753,  0.000000753,  0.000000753
Fan1_pim, 9207,  0.000000034,  0.000000026,  0.000000026,  0.000000026
Fan1_pim, 9208,  0.000000008,  0.000000006,  0.000000006,  0.000000006
Fan1_pim, 9209,  0.000000008,  0.000000006,  0.000000006,  0.000000006
Fan2_pim, 9210,  0.000000213,  0.000000790,  0.000000790,  0.000000790
Fan2_pim, 9211,  0.000000203,  0.000000753,  0.000000753,  0.000000753
Fan2_pim, 9212,  0.000000203,  0.000000753,  0.000000753,  0.000000753
Fan1_pim, 9213,  0.000000033,  0.000000025,  0.000000025,  0.000000025
Fan1_pim, 9214,  0.000000008,  0.000000006,  0.000000006,  0.000000006
Fan1_pim, 9215,  0.000000008,  0.000000006,  0.000000006,  0.000000006
Fan2_pim, 9216,  0.000000212,  0.000000788,  0.000000788,  0.000000788
Fan2_pim, 9217,  0.000000203,  0.000000753,  0.000000753,  0.000000753
Fan2_pim, 9218,  0.000000203,  0.000000753,  0.000000753,  0.000000753
Fan1_pim, 9219,  0.000000032,  0.000000024,  0.000000024,  0.000000024
Fan1_pim, 9220,  0.000000008,  0.000000006,  0.000000006,  0.000000006
Fan1_pim, 9221,  0.000000008,  0.000000006,  0.000000006,  0.000000006
Fan2_pim, 9222,  0.000000212,  0.000000787,  0.000000787,  0.000000787
Fan2_pim, 9223,  0.000000203,  0.000000753,  0.000000753,  0.000000753
Fan2_pim, 9224,  0.000000203,  0.000000753,  0.000000753,  0.000000753
Fan1_pim, 9225,  0.000000031,  0.000000023,  0.000000023,  0.000000023
Fan1_pim, 9226,  0.000000008,  0.000000006,  0.000000006,  0.000000006
Fan1_pim, 9227,  0.000000008,  0.000000006,  0.000000006,  0.000000006
Fan2_pim, 9228,  0.000000211,  0.000000784,  0.000000784,  0.000000784
Fan2_pim, 9229,  0.000000203,  0.000000753,  0.000000753,  0.000000753
Fan2_pim, 9230,  0.000000203,  0.000000753,  0.000000753,  0.000000753
Fan1_pim, 9231,  0.000000030,  0.000000023,  0.000000023,  0.000000023
Fan1_pim, 9232,  0.000000008,  0.000000006,  0.000000006,  0.000000006
Fan1_pim, 9233,  0.000000008,  0.000000006,  0.000000006,  0.000000006
Fan2_pim, 9234,  0.000000211,  0.000000783,  0.000000783,  0.000000783
Fan2_pim, 9235,  0.000000203,  0.000000753,  0.000000753,  0.000000753
Fan2_pim, 9236,  0.000000203,  0.000000753,  0.000000753,  0.000000753
Fan1_pim, 9237,  0.000000029,  0.000000022,  0.000000022,  0.000000022
Fan1_pim, 9238,  0.000000008,  0.000000006,  0.000000006,  0.000000006
Fan1_pim, 9239,  0.000000008,  0.000000006,  0.000000006,  0.000000006
Fan2_pim, 9240,  0.000000209,  0.000000776,  0.000000776,  0.000000776
Fan2_pim, 9241,  0.000000203,  0.000000753,  0.000000753,  0.000000753
Fan2_pim, 9242,  0.000000203,  0.000000753,  0.000000753,  0.000000753
Fan1_pim, 9243,  0.000000028,  0.000000021,  0.000000021,  0.000000021
Fan1_pim, 9244,  0.000000008,  0.000000006,  0.000000006,  0.000000006
Fan1_pim, 9245,  0.000000008,  0.000000006,  0.000000006,  0.000000006
Fan2_pim, 9246,  0.000000209,  0.000000775,  0.000000775,  0.000000775
Fan2_pim, 9247,  0.000000203,  0.000000753,  0.000000753,  0.000000753
Fan2_pim, 9248,  0.000000203,  0.000000753,  0.000000753,  0.000000753
Fan1_pim, 9249,  0.000000027,  0.000000020,  0.000000020,  0.000000020
Fan1_pim, 9250,  0.000000008,  0.000000006,  0.000000006,  0.000000006
Fan1_pim, 9251,  0.000000008,  0.000000006,  0.000000006,  0.000000006
Fan2_pim, 9252,  0.000000208,  0.000000774,  0.000000774,  0.000000774
Fan2_pim, 9253,  0.000000203,  0.000000753,  0.000000753,  0.000000753
Fan2_pim, 9254,  0.000000203,  0.000000753,  0.000000753,  0.000000753
Fan1_pim, 9255,  0.000000026,  0.000000019,  0.000000019,  0.000000019
Fan1_pim, 9256,  0.000000008,  0.000000006,  0.000000006,  0.000000006
Fan1_pim, 9257,  0.000000008,  0.000000006,  0.000000006,  0.000000006
Fan2_pim, 9258,  0.000000208,  0.000000772,  0.000000772,  0.000000772
Fan2_pim, 9259,  0.000000203,  0.000000753,  0.000000753,  0.000000753
Fan2_pim, 9260,  0.000000203,  0.000000753,  0.000000753,  0.000000753
Fan1_pim, 9261,  0.000000025,  0.000000018,  0.000000018,  0.000000018
Fan1_pim, 9262,  0.000000008,  0.000000006,  0.000000006,  0.000000006
Fan1_pim, 9263,  0.000000008,  0.000000006,  0.000000006,  0.000000006
Fan2_pim, 9264,  0.000000208,  0.000000771,  0.000000771,  0.000000771
Fan2_pim, 9265,  0.000000203,  0.000000753,  0.000000753,  0.000000753
Fan2_pim, 9266,  0.000000203,  0.000000753,  0.000000753,  0.000000753
Fan1_pim, 9267,  0.000000023,  0.000000017,  0.000000017,  0.000000017
Fan1_pim, 9268,  0.000000008,  0.000000006,  0.000000006,  0.000000006
Fan1_pim, 9269,  0.000000008,  0.000000006,  0.000000006,  0.000000006
Fan2_pim, 9270,  0.000000207,  0.000000770,  0.000000770,  0.000000770
Fan2_pim, 9271,  0.000000203,  0.000000753,  0.000000753,  0.000000753
Fan2_pim, 9272,  0.000000203,  0.000000753,  0.000000753,  0.000000753
Fan1_pim, 9273,  0.000000022,  0.000000017,  0.000000017,  0.000000017
Fan1_pim, 9274,  0.000000008,  0.000000006,  0.000000006,  0.000000006
Fan1_pim, 9275,  0.000000008,  0.000000006,  0.000000006,  0.000000006
Fan2_pim, 9276,  0.000000207,  0.000000768,  0.000000768,  0.000000768
Fan2_pim, 9277,  0.000000203,  0.000000753,  0.000000753,  0.000000753
Fan2_pim, 9278,  0.000000203,  0.000000753,  0.000000753,  0.000000753
Fan1_pim, 9279,  0.000000021,  0.000000016,  0.000000016,  0.000000016
Fan1_pim, 9280,  0.000000008,  0.000000006,  0.000000006,  0.000000006
Fan1_pim, 9281,  0.000000008,  0.000000006,  0.000000006,  0.000000006
Fan2_pim, 9283,  0.000000207,  0.000000767,  0.000000767,  0.000000767
Fan2_pim, 9284,  0.000000203,  0.000000753,  0.000000753,  0.000000753
Fan2_pim, 9285,  0.000000203,  0.000000753,  0.000000753,  0.000000753
Fan1_pim, 9286,  0.000000020,  0.000000015,  0.000000015,  0.000000015
Fan1_pim, 9287,  0.000000008,  0.000000006,  0.000000006,  0.000000006
Fan1_pim, 9288,  0.000000008,  0.000000006,  0.000000006,  0.000000006
Fan2_pim, 9289,  0.000000206,  0.000000766,  0.000000766,  0.000000766
Fan2_pim, 9290,  0.000000203,  0.000000753,  0.000000753,  0.000000753
Fan2_pim, 9291,  0.000000203,  0.000000753,  0.000000753,  0.000000753
Fan1_pim, 9292,  0.000000019,  0.000000014,  0.000000014,  0.000000014
Fan1_pim, 9293,  0.000000008,  0.000000006,  0.000000006,  0.000000006
Fan1_pim, 9294,  0.000000008,  0.000000006,  0.000000006,  0.000000006
Fan2_pim, 9295,  0.000000206,  0.000000764,  0.000000764,  0.000000764
Fan2_pim, 9296,  0.000000203,  0.000000753,  0.000000753,  0.000000753
Fan2_pim, 9297,  0.000000203,  0.000000753,  0.000000753,  0.000000753
Fan1_pim, 9298,  0.000000018,  0.000000013,  0.000000013,  0.000000013
Fan1_pim, 9299,  0.000000008,  0.000000006,  0.000000006,  0.000000006
Fan1_pim, 9300,  0.000000008,  0.000000006,  0.000000006,  0.000000006
Fan2_pim, 9301,  0.000000205,  0.000000763,  0.000000763,  0.000000763
Fan2_pim, 9302,  0.000000203,  0.000000753,  0.000000753,  0.000000753
Fan2_pim, 9303,  0.000000203,  0.000000753,  0.000000753,  0.000000753
Fan1_pim, 9304,  0.000000017,  0.000000013,  0.000000013,  0.000000013
Fan1_pim, 9305,  0.000000008,  0.000000006,  0.000000006,  0.000000006
Fan1_pim, 9306,  0.000000008,  0.000000006,  0.000000006,  0.000000006
Fan2_pim, 9307,  0.000000205,  0.000000762,  0.000000762,  0.000000762
Fan2_pim, 9308,  0.000000203,  0.000000753,  0.000000753,  0.000000753
Fan2_pim, 9309,  0.000000203,  0.000000753,  0.000000753,  0.000000753
Fan1_pim, 9310,  0.000000016,  0.000000012,  0.000000012,  0.000000012
Fan1_pim, 9311,  0.000000008,  0.000000006,  0.000000006,  0.000000006
Fan1_pim, 9312,  0.000000008,  0.000000006,  0.000000006,  0.000000006
Fan2_pim, 9313,  0.000000205,  0.000000760,  0.000000760,  0.000000760
Fan2_pim, 9314,  0.000000203,  0.000000753,  0.000000753,  0.000000753
Fan2_pim, 9315,  0.000000203,  0.000000753,  0.000000753,  0.000000753
Fan1_pim, 9316,  0.000000014,  0.000000011,  0.000000011,  0.000000011
Fan1_pim, 9317,  0.000000008,  0.000000006,  0.000000006,  0.000000006
Fan1_pim, 9318,  0.000000008,  0.000000006,  0.000000006,  0.000000006
Fan2_pim, 9319,  0.000000204,  0.000000759,  0.000000759,  0.000000759
Fan2_pim, 9320,  0.000000203,  0.000000753,  0.000000753,  0.000000753
Fan2_pim, 9321,  0.000000203,  0.000000753,  0.000000753,  0.000000753
Fan1_pim, 9322,  0.000000013,  0.000000010,  0.000000010,  0.000000010
Fan1_pim, 9323,  0.000000008,  0.000000006,  0.000000006,  0.000000006
Fan1_pim, 9324,  0.000000008,  0.000000006,  0.000000006,  0.000000006
Fan2_pim, 9325,  0.000000204,  0.000000757,  0.000000757,  0.000000757
Fan2_pim, 9326,  0.000000203,  0.000000753,  0.000000753,  0.000000753
Fan2_pim, 9327,  0.000000203,  0.000000753,  0.000000753,  0.000000753
Fan1_pim, 9328,  0.000000012,  0.000000009,  0.000000009,  0.000000009
Fan1_pim, 9329,  0.000000008,  0.000000006,  0.000000006,  0.000000006
Fan1_pim, 9330,  0.000000008,  0.000000006,  0.000000006,  0.000000006
Fan2_pim, 9331,  0.000000204,  0.000000756,  0.000000756,  0.000000756
Fan2_pim, 9332,  0.000000203,  0.000000753,  0.000000753,  0.000000753
Fan2_pim, 9333,  0.000000203,  0.000000753,  0.000000753,  0.000000753
