Exec_Order, ThreadId, elapsed_us, elapsed_uc, COMMIT_CYC, INSTRUCTIONS, CLOCK_CYC, L2_CACHE_MISS
1, 4709, 21, 79800, 8062, 20390, 80819, 538 
2, 4709, 1, 3800, 353, 719, 4231, 5 
3, 4709, 1, 3800, 352, 719, 3719, 4 
4, 4709, 1, 3800, 360, 719, 4913, 11 
5, 4709, 18, 53200, 1610, 3674, 35869, 424 
6, 4709, 1, 3800, 355, 718, 3592, 2 
7, 4709, 1, 3800, 349, 718, 3411, 3 
8, 4709, 1, 3800, 348, 718, 3501, 0 
9, 4709, 5, 19000, 2920, 6497, 20106, 80 
10, 4709, 1, 3800, 349, 719, 3311, 1 
11, 4709, 0, 3800, 351, 719, 3299, 0 
12, 4709, 1, 3800, 356, 719, 3347, 2 
13, 4709, 21, 76000, 856, 1523, 33948, 506 
14, 4709, 1, 3800, 346, 718, 3825, 3 
15, 4709, 1, 0, 353, 718, 3685, 1 
16, 4709, 1, 3800, 353, 718, 3542, 0 
17, 4709, 27, 98800, 7298, 19653, 100850, 833 
18, 4709, 2, 7600, 830, 1922, 12829, 85 
1, 4711, 4181, 15887800, 1526285, 4206565, 7468919, 29349 
19, 4709, 3, 7600, 630, 1462, 10123, 102 
20, 4709, 2, 3800, 368, 645, 5058, 41 
21, 4709, 1, 0, 345, 704, 2804, 5 
1, 4712, 2868, 10898400, 1233435, 3257274, 5473247, 28936 
22, 4709, 2, 7600, 363, 704, 6595, 52 
23, 4709, 9, 38000, 1204, 2154, 35191, 326 
24, 4709, 1, 3800, 341, 704, 2736, 7 
1, 4713, 2702, 10271400, 1229968, 3244929, 5755572, 31963 
25, 4709, 2, 3800, 364, 703, 6360, 53 
26, 4709, 1, 3800, 318, 647, 3493, 17 
27, 4709, 6, 22800, 363, 732, 5190, 25 
28, 4709, 100, 380000, 83838, 182445, 363547, 2153 
29, 4709, 0, 3800, 347, 719, 3309, 7 
30, 4709, 0, 3800, 351, 719, 2739, 1 
31, 4709, 0, 3800, 348, 719, 2831, 1 
32, 4709, 12, 45600, 1400, 2627, 27175, 491 
33, 4709, 1, 0, 348, 718, 3015, 0 
34, 4709, 1, 0, 349, 718, 3259, 1 
35, 4709, 1, 3800, 352, 718, 3415, 0 
36, 4709, 5, 22800, 2027, 4357, 20082, 79 
37, 4709, 1, 0, 340, 704, 2762, 1 
1, 4714, 2469, 9382200, 1011386, 2458486, 5117207, 25712 
38, 4709, 2, 7600, 364, 704, 7830, 56 
39, 4709, 2, 3800, 372, 645, 5378, 49 
40, 4709, 1, 0, 340, 704, 2991, 10 
1, 4715, 2660, 10104200, 1013462, 2465097, 5276418, 25445 
41, 4709, 2, 7600, 360, 704, 7130, 57 
42, 4709, 10, 38000, 1208, 1985, 35309, 349 
43, 4709, 0, 3800, 346, 704, 2756, 6 
1, 4716, 2662, 10115600, 1008334, 2451074, 5097622, 26092 
44, 4709, 2, 3800, 362, 703, 6849, 51 
45, 4709, 1, 3800, 317, 647, 3405, 24 
46, 4709, 8, 34200, 419, 732, 13578, 116 
47, 4709, 73, 281200, 76309, 159070, 275291, 1731 
48, 4709, 1, 3800, 348, 719, 3649, 7 
49, 4709, 1, 3800, 346, 719, 3173, 1 
50, 4709, 1, 3800, 349, 719, 3416, 0 
51, 4709, 20, 76000, 2639, 4934, 35377, 703 
52, 4709, 1, 3800, 344, 718, 3254, 0 
53, 4709, 1, 0, 351, 718, 3471, 0 
54, 4709, 1, 3800, 344, 718, 3076, 4 
55, 4709, 6, 22800, 2056, 4441, 21916, 100 
56, 4709, 1, 3800, 346, 704, 2802, 3 
1, 4717, 2824, 10731200, 1013884, 2460773, 5334724, 28133 
57, 4709, 3, 7600, 363, 704, 8070, 58 
58, 4709, 1, 3800, 368, 645, 4771, 50 
59, 4709, 1, 3800, 339, 704, 2814, 9 
1, 4718, 2550, 9690000, 1014207, 2470083, 4836044, 24546 
60, 4709, 2, 7600, 360, 704, 7080, 59 
61, 4709, 9, 34200, 1211, 1999, 35082, 332 
62, 4709, 1, 3800, 346, 704, 2689, 4 
1, 4719, 2499, 9496200, 1008463, 2455192, 4929327, 24500 
63, 4709, 2, 7600, 362, 703, 6833, 57 
64, 4709, 1, 3800, 324, 647, 3654, 15 
65, 4709, 5, 15200, 404, 732, 8785, 64 
66, 4709, 74, 281200, 76308, 159219, 277943, 1671 
67, 4709, 1, 3800, 346, 719, 3538, 1 
68, 4709, 1, 3800, 350, 719, 3358, 3 
69, 4709, 1, 3800, 345, 719, 3647, 0 
70, 4709, 18, 68400, 3114, 5800, 38225, 789 
71, 4709, 1, 3800, 379, 718, 6415, 27 
72, 4709, 1, 3800, 349, 718, 3300, 3 
73, 4709, 1, 3800, 349, 718, 3281, 0 
74, 4709, 8, 30400, 2086, 4247, 30860, 248 
75, 4709, 1, 3800, 341, 704, 2868, 1 
1, 4720, 2720, 10336000, 1016742, 2467588, 5078110, 29102 
76, 4709, 2, 7600, 363, 704, 7294, 57 
77, 4709, 2, 7600, 370, 645, 5595, 49 
78, 4709, 1, 3800, 344, 704, 2748, 7 
1, 4721, 2593, 9849600, 1019643, 2477185, 4951864, 22550 
79, 4709, 2, 7600, 360, 704, 6945, 55 
80, 4709, 11, 41800, 1313, 2254, 39640, 352 
81, 4709, 1, 3800, 343, 704, 2686, 6 
1, 4722, 2704, 10275200, 1009146, 2453665, 4943870, 28054 
82, 4709, 1, 7600, 362, 703, 6430, 52 
83, 4709, 1, 3800, 318, 647, 3646, 12 
84, 4709, 7, 22800, 366, 732, 5828, 20 
85, 4709, 76, 288800, 76312, 159103, 283693, 1682 
86, 4709, 1, 3800, 333, 719, 3038, 2 
87, 4709, 1, 3800, 347, 719, 2650, 3 
88, 4709, 1, 0, 348, 719, 2850, 0 
89, 4709, 18, 68400, 3133, 5839, 37291, 802 
90, 4709, 1, 3800, 349, 718, 3216, 3 
91, 4709, 1, 3800, 350, 718, 3089, 0 
92, 4709, 1, 0, 344, 718, 2806, 0 
93, 4709, 6, 22800, 1961, 4169, 20231, 79 
94, 4709, 1, 3800, 344, 704, 2790, 1 
1, 4723, 2764, 10503200, 1011591, 2455875, 5462344, 30263 
95, 4709, 2, 7600, 364, 704, 7706, 56 
96, 4709, 1, 3800, 370, 645, 4671, 49 
97, 4709, 0, 3800, 343, 704, 2894, 7 
1, 4724, 2636, 10016800, 1013534, 2466202, 5015097, 24590 
98, 4709, 2, 7600, 360, 704, 6969, 60 
99, 4709, 10, 34200, 1201, 2003, 36073, 351 
100, 4709, 1, 3800, 340, 704, 2614, 7 
1, 4725, 2360, 8964200, 1006119, 2451406, 4797148, 23912 
101, 4709, 2, 7600, 362, 703, 7314, 52 
102, 4709, 1, 3800, 319, 647, 3353, 15 
103, 4709, 3, 11400, 365, 732, 4898, 19 
104, 4709, 72, 269800, 76280, 159155, 267315, 1520 
105, 4709, 1, 3800, 347, 719, 3227, 1 
106, 4709, 0, 3800, 348, 719, 3093, 0 
107, 4709, 1, 3800, 352, 719, 2655, 0 
108, 4709, 19, 72200, 3599, 6705, 39765, 857 
109, 4709, 0, 3800, 351, 718, 3141, 0 
110, 4709, 0, 3800, 347, 718, 3063, 0 
111, 4709, 1, 3800, 351, 718, 3259, 1 
112, 4709, 6, 22800, 1986, 4230, 19904, 81 
113, 4709, 1, 3800, 343, 704, 2869, 3 
1, 4726, 2714, 10313200, 1015026, 2462432, 5249316, 30925 
114, 4709, 2, 7600, 360, 704, 7074, 51 
115, 4709, 2, 3800, 370, 645, 5774, 48 
116, 4709, 0, 3800, 340, 704, 2761, 4 
1, 4727, 2934, 11149200, 1015654, 2466967, 5150921, 28518 
117, 4709, 2, 7600, 360, 704, 7105, 54 
118, 4709, 9, 34200, 1201, 1999, 34509, 335 
119, 4709, 1, 3800, 347, 704, 2746, 8 
1, 4728, 2443, 9283400, 1007922, 2456798, 4758834, 23462 
120, 4709, 2, 3800, 362, 703, 6421, 52 
121, 4709, 1, 3800, 318, 647, 3422, 19 
122, 4709, 3, 11400, 365, 732, 4494, 10 
123, 4709, 75, 285000, 76353, 159223, 280120, 1540 
124, 4709, 1, 3800, 347, 719, 3243, 5 
125, 4709, 1, 3800, 343, 719, 2357, 0 
126, 4709, 0, 3800, 345, 719, 2713, 1 
127, 4709, 13, 49400, 1249, 2360, 25460, 450 
128, 4709, 1, 3800, 347, 718, 3192, 2 
129, 4709, 1, 3800, 348, 718, 3183, 1 
130, 4709, 1, 3800, 348, 718, 3005, 0 
131, 4709, 5, 22800, 2002, 4295, 21031, 101 
132, 4709, 1, 3800, 345, 704, 2708, 2 
1, 4729, 2716, 10324600, 1010193, 2452955, 5177860, 31271 
133, 4709, 2, 7600, 360, 704, 7708, 53 
134, 4709, 2, 7600, 371, 645, 5517, 49 
135, 4709, 1, 3800, 342, 704, 2731, 6 
1, 4730, 2799, 10640000, 1015545, 2467536, 5141488, 26504 
136, 4709, 2, 7600, 361, 704, 6732, 56 
137, 4709, 9, 34200, 1216, 1985, 34966, 345 
138, 4709, 1, 3800, 349, 704, 2687, 9 
1, 4731, 2463, 9359400, 1007429, 2455403, 4685384, 22227 
139, 4709, 2, 7600, 359, 703, 6511, 65 
140, 4709, 2, 3800, 321, 647, 3835, 17 
141, 4709, 9, 34200, 416, 732, 13877, 123 
142, 4709, 76, 288800, 76356, 159208, 285187, 1741 
143, 4709, 1, 3800, 347, 719, 3392, 3 
144, 4709, 1, 3800, 346, 719, 3163, 0 
145, 4709, 1, 3800, 351, 719, 3141, 2 
146, 4709, 13, 49400, 921, 1755, 27221, 417 
147, 4709, 1, 3800, 347, 718, 3238, 2 
148, 4709, 1, 3800, 348, 718, 3390, 3 
149, 4709, 1, 3800, 349, 718, 3311, 1 
150, 4709, 6, 19000, 1982, 4216, 20712, 105 
151, 4709, 1, 3800, 345, 704, 2714, 3 
1, 4732, 2685, 10206800, 1013796, 2463874, 5417801, 31186 
152, 4709, 2, 7600, 361, 704, 7198, 57 
153, 4709, 2, 3800, 368, 645, 5334, 53 
154, 4709, 1, 3800, 342, 704, 2811, 8 
1, 4733, 2740, 10412000, 1020752, 2480021, 5108969, 28057 
155, 4709, 2, 7600, 360, 704, 6411, 51 
156, 4709, 9, 34200, 1216, 1964, 33311, 319 
157, 4709, 0, 3800, 342, 704, 2814, 6 
1, 4734, 2437, 9260600, 1012943, 2465863, 4937547, 25662 
158, 4709, 2, 7600, 359, 703, 7526, 53 
159, 4709, 1, 3800, 322, 647, 3422, 26 
160, 4709, 10, 34200, 419, 732, 14128, 122 
161, 4709, 78, 300200, 76318, 159120, 292510, 1814 
162, 4709, 1, 3800, 346, 719, 3191, 4 
163, 4709, 1, 3800, 347, 719, 3266, 1 
164, 4709, 1, 3800, 349, 719, 3149, 3 
165, 4709, 11, 38000, 448, 926, 20009, 283 
166, 4709, 0, 3800, 351, 718, 3144, 1 
167, 4709, 0, 3800, 343, 718, 3191, 0 
168, 4709, 1, 3800, 349, 718, 3350, 0 
169, 4709, 6, 22800, 2003, 4317, 20689, 111 
170, 4709, 1, 3800, 345, 704, 2667, 3 
1, 4735, 2814, 10697000, 1021506, 2476193, 5765084, 31851 
171, 4709, 2, 7600, 360, 704, 7936, 66 
172, 4709, 2, 3800, 366, 645, 5167, 48 
173, 4709, 1, 0, 342, 704, 2637, 6 
1, 4736, 2519, 9572200, 1017597, 2476634, 5277649, 24510 
174, 4709, 1, 7600, 361, 704, 6655, 58 
175, 4709, 9, 34200, 1199, 1964, 34849, 319 
176, 4709, 1, 3800, 344, 704, 2759, 9 
1, 4737, 2574, 9777400, 1008396, 2459152, 5089101, 23074 
177, 4709, 2, 7600, 362, 703, 6746, 52 
178, 4709, 1, 3800, 319, 647, 3398, 24 
179, 4709, 3, 15200, 366, 732, 4781, 23 
180, 4709, 73, 277400, 76311, 159134, 274053, 1608 
181, 4709, 1, 3800, 349, 719, 3299, 4 
182, 4709, 1, 3800, 347, 719, 2545, 0 
183, 4709, 1, 0, 347, 719, 2708, 0 
184, 4709, 12, 49400, 780, 1507, 23974, 390 
185, 4709, 1, 0, 350, 718, 3465, 1 
186, 4709, 1, 0, 349, 718, 3366, 0 
187, 4709, 1, 3800, 351, 718, 3300, 0 
188, 4709, 6, 19000, 2087, 4556, 21579, 108 
189, 4709, 1, 3800, 344, 704, 2674, 1 
1, 4738, 2765, 10507000, 1016362, 2464605, 5409298, 30660 
190, 4709, 2, 7600, 360, 704, 6803, 55 
191, 4709, 2, 7600, 367, 645, 5620, 50 
192, 4709, 3, 11400, 343, 704, 13022, 7 
1, 4739, 2799, 10636200, 1021043, 2479444, 5485819, 30254 
193, 4709, 2, 7600, 360, 704, 7177, 54 
194, 4709, 9, 34200, 1212, 1976, 33836, 338 
195, 4709, 1, 3800, 342, 704, 2750, 5 
1, 4740, 2590, 9842000, 1010958, 2462839, 4957426, 24063 
196, 4709, 2, 7600, 361, 703, 6987, 54 
197, 4709, 1, 3800, 320, 647, 3541, 17 
198, 4709, 3, 11400, 368, 732, 4782, 10 
199, 4709, 99, 376200, 117433, 245356, 369632, 1747 
200, 4709, 1, 3800, 346, 719, 2786, 2 
201, 4709, 1, 3800, 349, 719, 2931, 1 
202, 4709, 1, 0, 346, 719, 2510, 0 
203, 4709, 15, 57000, 1400, 2631, 28770, 498 
204, 4709, 1, 3800, 349, 718, 3154, 0 
205, 4709, 1, 3800, 347, 718, 2859, 0 
206, 4709, 1, 3800, 351, 718, 3322, 0 
207, 4709, 5, 19000, 2924, 6689, 18067, 14 
208, 4709, 1, 3800, 350, 719, 3285, 1 
209, 4709, 1, 3800, 347, 719, 2403, 0 
210, 4709, 1, 3800, 348, 719, 2809, 1 
211, 4709, 11, 41800, 1380, 2627, 17785, 16 
212, 4709, 0, 3800, 348, 718, 2950, 1 
213, 4709, 1, 3800, 345, 718, 2873, 0 
214, 4709, 1, 0, 347, 718, 3041, 0 
215, 4709, 6, 19000, 1984, 4268, 20622, 99 
216, 4709, 1, 3800, 344, 704, 2626, 1 
1, 4741, 2873, 10913600, 1019964, 2475247, 5354174, 30340 
217, 4709, 2, 7600, 360, 704, 6783, 55 
218, 4709, 1, 3800, 368, 645, 5412, 50 
219, 4709, 0, 3800, 343, 704, 2698, 5 
1, 4742, 2778, 10556400, 1021986, 2480059, 5812280, 29732 
220, 4709, 2, 7600, 360, 704, 6512, 51 
221, 4709, 9, 34200, 1218, 2017, 35275, 339 
222, 4709, 1, 0, 344, 704, 2814, 7 
1, 4743, 2555, 9712800, 1011999, 2464513, 4886134, 24967 
223, 4709, 2, 7600, 363, 703, 6385, 54 
224, 4709, 1, 3800, 322, 647, 3430, 18 
225, 4709, 4, 11400, 366, 732, 4338, 11 
226, 4709, 74, 277400, 76207, 159224, 265688, 1499 
227, 4709, 1, 3800, 345, 719, 2486, 0 
228, 4709, 1, 3800, 347, 719, 2435, 0 
229, 4709, 1, 0, 348, 719, 2537, 0 
230, 4709, 18, 68400, 2636, 4934, 40285, 700 
231, 4709, 1, 3800, 349, 718, 3145, 3 
232, 4709, 1, 0, 347, 718, 2812, 0 
233, 4709, 1, 3800, 343, 718, 2838, 0 
234, 4709, 9, 34200, 1992, 4273, 21863, 101 
235, 4709, 1, 3800, 346, 704, 2957, 3 
1, 4744, 2785, 10586800, 1018212, 2469744, 5609777, 31185 
236, 4709, 2, 7600, 361, 704, 7023, 51 
237, 4709, 2, 7600, 368, 645, 5242, 50 
238, 4709, 2, 7600, 345, 704, 7427, 8 
1, 4745, 2754, 10469000, 1021278, 2479127, 5129525, 28835 
239, 4709, 2, 7600, 363, 704, 7270, 56 
240, 4709, 10, 34200, 1210, 2011, 35138, 337 
241, 4709, 2, 7600, 341, 704, 7247, 5 
1, 4746, 2475, 9405000, 1011622, 2464470, 5172574, 24061 
242, 4709, 2, 3800, 360, 703, 6754, 52 
243, 4709, 1, 3800, 325, 647, 3490, 24 
244, 4709, 10, 34200, 418, 732, 28460, 120 
245, 4709, 75, 288800, 76302, 159352, 281718, 1706 
246, 4709, 1, 3800, 348, 719, 3338, 1 
247, 4709, 0, 3800, 346, 719, 3208, 0 
248, 4709, 1, 3800, 352, 719, 2964, 2 
249, 4709, 22, 79800, 3118, 5801, 38554, 798 
250, 4709, 1, 3800, 349, 718, 3285, 0 
251, 4709, 1, 3800, 349, 718, 3152, 0 
252, 4709, 1, 3800, 343, 718, 3097, 0 
253, 4709, 6, 22800, 2089, 4620, 21818, 123 
254, 4709, 0, 3800, 346, 704, 2699, 3 
1, 4747, 2776, 10548800, 1019632, 2478445, 5589856, 28703 
255, 4709, 2, 7600, 361, 704, 7233, 53 
256, 4709, 2, 7600, 368, 645, 5622, 49 
257, 4709, 1, 3800, 344, 704, 2735, 9 
1, 4748, 2618, 9948400, 1019080, 2486806, 5032456, 22909 
258, 4709, 2, 7600, 360, 704, 7125, 60 
259, 4709, 9, 38000, 1221, 2017, 34133, 335 
260, 4709, 1, 3800, 345, 704, 2825, 8 
1, 4749, 2544, 9671000, 1012334, 2468208, 4999169, 23100 
261, 4709, 2, 7600, 361, 703, 6494, 52 
262, 4709, 1, 3800, 324, 647, 3512, 28 
263, 4709, 13, 45600, 420, 732, 27662, 118 
264, 4709, 84, 319200, 76367, 159261, 288790, 1728 
265, 4709, 1, 3800, 345, 719, 3048, 2 
266, 4709, 1, 3800, 348, 719, 3127, 0 
267, 4709, 1, 3800, 348, 719, 3162, 1 
268, 4709, 18, 68400, 3132, 5839, 36204, 802 
269, 4709, 0, 3800, 350, 718, 3374, 1 
270, 4709, 1, 3800, 347, 718, 3076, 0 
271, 4709, 1, 3800, 347, 718, 3145, 2 
272, 4709, 5, 22800, 1986, 4204, 20999, 108 
273, 4709, 1, 3800, 341, 704, 2891, 3 
1, 4750, 2728, 10370200, 1018318, 2475363, 5252313, 29721 
274, 4709, 2, 7600, 364, 704, 7613, 56 
275, 4709, 2, 3800, 369, 645, 5248, 49 
276, 4709, 1, 3800, 340, 704, 2691, 5 
1, 4751, 2706, 10282800, 1020344, 2487593, 5104864, 23362 
277, 4709, 2, 3800, 361, 704, 6793, 52 
278, 4709, 10, 38000, 1220, 2027, 35965, 351 
279, 4709, 1, 0, 345, 704, 2731, 5 
1, 4752, 2526, 9598800, 1013300, 2471024, 4890859, 23957 
280, 4709, 2, 7600, 362, 703, 6893, 56 
281, 4709, 1, 3800, 319, 647, 3361, 15 
282, 4709, 8, 26600, 430, 732, 12811, 104 
283, 4709, 75, 285000, 76347, 159101, 281833, 1781 
284, 4709, 1, 3800, 347, 719, 3491, 1 
285, 4709, 1, 0, 349, 719, 3236, 1 
286, 4709, 1, 3800, 350, 719, 3225, 3 
287, 4709, 18, 72200, 3597, 6705, 40160, 855 
288, 4709, 1, 3800, 349, 718, 3147, 1 
289, 4709, 1, 0, 345, 718, 3088, 0 
290, 4709, 1, 0, 349, 718, 3193, 1 
291, 4709, 5, 22800, 1965, 4188, 21224, 106 
292, 4709, 1, 3800, 341, 704, 3067, 4 
1, 4753, 2812, 10681800, 1024249, 2484135, 5448910, 31612 
293, 4709, 2, 7600, 359, 704, 7129, 52 
294, 4709, 2, 7600, 369, 645, 5704, 47 
295, 4709, 1, 3800, 341, 704, 2881, 6 
1, 4754, 2685, 10206800, 1023070, 2485574, 5249944, 29387 
296, 4709, 2, 7600, 361, 704, 7548, 56 
297, 4709, 9, 38000, 1227, 2027, 35659, 342 
298, 4709, 3, 11400, 338, 704, 10638, 4 
1, 4755, 2480, 9420200, 1013873, 2474432, 4902624, 21928 
299, 4709, 2, 7600, 359, 703, 6458, 52 
300, 4709, 1, 7600, 321, 647, 3423, 18 
301, 4709, 4, 11400, 362, 732, 5343, 16 
302, 4709, 72, 269800, 76221, 159062, 266909, 1521 
303, 4709, 1, 0, 346, 719, 3169, 0 
304, 4709, 1, 0, 349, 719, 2916, 3 
305, 4709, 0, 0, 344, 719, 2633, 0 
306, 4709, 12, 49400, 1242, 2360, 25031, 440 
307, 4709, 1, 3800, 348, 718, 3143, 0 
308, 4709, 1, 0, 348, 718, 3176, 1 
309, 4709, 1, 3800, 350, 718, 3004, 0 
310, 4709, 5, 22800, 1975, 4169, 20611, 87 
311, 4709, 0, 3800, 346, 704, 2694, 2 
1, 4756, 2718, 10332200, 1020444, 2476212, 5259353, 31003 
312, 4709, 2, 3800, 364, 704, 7199, 55 
313, 4709, 1, 7600, 372, 645, 5016, 50 
314, 4709, 1, 0, 343, 704, 2796, 6 
1, 4757, 2751, 10450000, 1022922, 2487192, 5319874, 29909 
315, 4709, 2, 3800, 364, 704, 6941, 62 
316, 4709, 9, 34200, 1213, 1973, 32263, 328 
317, 4709, 1, 3800, 340, 704, 2846, 8 
1, 4758, 2708, 10294200, 1016365, 2471295, 5228046, 27697 
318, 4709, 1, 7600, 359, 703, 7030, 55 
319, 4709, 1, 3800, 322, 647, 3414, 17 
320, 4709, 4, 19000, 432, 732, 9495, 94 
321, 4709, 77, 288800, 76280, 159002, 285899, 1720 
322, 4709, 1, 0, 347, 719, 3424, 6 
323, 4709, 1, 3800, 347, 719, 3372, 3 
324, 4709, 1, 0, 348, 719, 3188, 1 
325, 4709, 12, 45600, 922, 1755, 25137, 422 
326, 4709, 2, 3800, 414, 718, 9166, 62 
327, 4709, 1, 3800, 351, 718, 3467, 6 
328, 4709, 1, 3800, 348, 718, 3270, 7 
329, 4709, 9, 38000, 2154, 4163, 36404, 359 
330, 4709, 1, 0, 346, 704, 2671, 4 
1, 4759, 2706, 10282800, 1022581, 2483582, 5636252, 27727 
331, 4709, 2, 7600, 364, 704, 7113, 56 
332, 4709, 1, 3800, 367, 645, 5639, 48 
333, 4709, 1, 3800, 340, 704, 2667, 5 
1, 4760, 2839, 10788200, 1027695, 2499393, 5290990, 26428 
334, 4709, 2, 7600, 360, 704, 7089, 50 
335, 4709, 9, 34200, 1196, 1965, 33579, 347 
336, 4709, 4, 15200, 344, 704, 15663, 6 
1, 4761, 2525, 9598800, 1015261, 2470784, 4993189, 23348 
337, 4709, 2, 7600, 363, 703, 6580, 55 
338, 4709, 1, 3800, 318, 647, 3398, 19 
339, 4709, 3, 11400, 366, 732, 4735, 18 
340, 4709, 74, 277400, 76136, 158917, 274824, 1645 
341, 4709, 0, 3800, 347, 719, 2585, 0 
342, 4709, 1, 3800, 346, 719, 2448, 0 
343, 4709, 1, 0, 347, 719, 2465, 0 
344, 4709, 11, 41800, 457, 926, 20021, 282 
345, 4709, 1, 0, 349, 718, 3032, 4 
346, 4709, 0, 3800, 344, 718, 3161, 4 
347, 4709, 1, 3800, 350, 718, 3296, 1 
348, 4709, 8, 30400, 2057, 4223, 28783, 188 
349, 4709, 1, 3800, 338, 704, 2686, 2 
1, 4762, 2657, 10096600, 1018292, 2478906, 5160815, 28393 
350, 4709, 1, 7600, 364, 704, 6952, 55 
351, 4709, 2, 3800, 370, 645, 5138, 46 
352, 4709, 1, 3800, 345, 704, 2828, 7 
1, 4763, 2623, 9963600, 1023009, 2491994, 5219957, 23091 
353, 4709, 2, 3800, 360, 704, 7119, 48 
354, 4709, 8, 30400, 1211, 1976, 31527, 327 
355, 4709, 1, 3800, 345, 704, 2685, 6 
1, 4764, 2688, 10218200, 1015761, 2469946, 5189540, 29801 
356, 4709, 2, 7600, 359, 703, 6807, 53 
357, 4709, 1, 7600, 319, 647, 3471, 17 
358, 4709, 5, 15200, 385, 732, 6405, 36 
359, 4709, 76, 288800, 76271, 159123, 283820, 1701 
360, 4709, 1, 3800, 343, 719, 2578, 0 
361, 4709, 0, 0, 346, 719, 2419, 0 
362, 4709, 1, 3800, 348, 719, 2655, 0 
363, 4709, 13, 45600, 781, 1507, 24134, 386 
364, 4709, 1, 3800, 349, 718, 3179, 0 
365, 4709, 0, 3800, 348, 718, 3245, 0 
366, 4709, 1, 0, 346, 718, 3168, 1 
367, 4709, 6, 22800, 1969, 4196, 21142, 100 
368, 4709, 1, 0, 341, 704, 2672, 1 
1, 4765, 2588, 9838200, 1019535, 2478591, 5439628, 29916 
369, 4709, 2, 7600, 360, 704, 6709, 55 
370, 4709, 1, 3800, 369, 645, 4978, 48 
371, 4709, 1, 3800, 337, 704, 2666, 8 
1, 4766, 2615, 9940800, 1022737, 2488230, 5414834, 26948 
372, 4709, 2, 7600, 359, 704, 7379, 55 
373, 4709, 9, 38000, 1216, 2028, 35745, 351 
374, 4709, 1, 3800, 344, 704, 2653, 5 
1, 4767, 2764, 10507000, 1017352, 2474153, 5632723, 29377 
375, 4709, 2, 7600, 362, 703, 7460, 50 
376, 4709, 1, 3800, 321, 647, 3440, 26 
377, 4709, 3, 15200, 368, 732, 4731, 19 
378, 4709, 102, 387600, 117484, 245590, 381553, 1768 
379, 4709, 1, 3800, 348, 719, 3253, 3 
380, 4709, 1, 0, 351, 719, 2971, 2 
381, 4709, 1, 0, 344, 719, 2916, 1 
382, 4709, 18, 64600, 2639, 4938, 34200, 714 
383, 4709, 1, 3800, 348, 718, 3059, 1 
384, 4709, 0, 3800, 345, 718, 3160, 6 
385, 4709, 1, 3800, 348, 718, 3277, 1 
386, 4709, 7, 26600, 2896, 6355, 25712, 126 
387, 4709, 1, 3800, 350, 719, 3123, 0 
388, 4709, 1, 0, 349, 719, 3317, 1 
389, 4709, 1, 0, 351, 719, 3052, 2 
390, 4709, 16, 57000, 2624, 4934, 30575, 455 
391, 4709, 1, 3800, 350, 718, 3096, 0 
392, 4709, 1, 3800, 345, 718, 3041, 1 
393, 4709, 1, 0, 348, 718, 3035, 0 
394, 4709, 7, 22800, 2018, 4311, 23322, 90 
395, 4709, 1, 3800, 346, 704, 2743, 1 
1, 4768, 2908, 11054200, 1024523, 2485860, 5455272, 32982 
396, 4709, 2, 7600, 360, 704, 7020, 55 
397, 4709, 1, 7600, 370, 645, 5290, 54 
398, 4709, 1, 3800, 343, 704, 2761, 5 
1, 4769, 2524, 9591200, 1023892, 2490822, 5186595, 24498 
399, 4709, 2, 7600, 365, 704, 6736, 56 
400, 4709, 7, 26600, 1147, 1981, 26430, 252 
401, 4709, 1, 0, 342, 704, 2622, 8 
1, 4770, 2544, 9671000, 1015491, 2476219, 4991062, 24307 
402, 4709, 2, 3800, 362, 703, 6583, 51 
403, 4709, 1, 3800, 320, 647, 3469, 24 
404, 4709, 5, 15200, 381, 732, 7605, 39 
405, 4709, 83, 319200, 76359, 159188, 285924, 1713 
406, 4709, 0, 3800, 347, 719, 2749, 1 
407, 4709, 1, 3800, 347, 719, 2894, 1 
408, 4709, 1, 0, 346, 719, 2455, 1 
409, 4709, 19, 72200, 3114, 5800, 37372, 794 
410, 4709, 1, 0, 351, 718, 3371, 1 
411, 4709, 1, 3800, 348, 718, 3233, 1 
412, 4709, 1, 3800, 347, 718, 3380, 0 
413, 4709, 5, 19000, 2036, 4318, 20081, 102 
414, 4709, 1, 3800, 342, 704, 2967, 2 
1, 4771, 2942, 11179600, 1024097, 2485906, 5566253, 31665 
415, 4709, 1, 7600, 361, 704, 6939, 54 
416, 4709, 2, 3800, 372, 645, 5401, 46 
417, 4709, 1, 0, 344, 704, 2839, 8 
1, 4772, 2626, 9975000, 1023650, 2487470, 5447306, 29984 
418, 4709, 2, 7600, 361, 704, 6899, 54 
419, 4709, 9, 34200, 1189, 1975, 33504, 342 
420, 4709, 1, 0, 342, 704, 2666, 7 
1, 4773, 2551, 9693800, 1017476, 2472688, 5372069, 29877 
421, 4709, 1, 7600, 362, 703, 6672, 50 
422, 4709, 1, 3800, 320, 647, 3318, 12 
423, 4709, 4, 11400, 366, 732, 5120, 19 
424, 4709, 75, 285000, 76308, 159209, 279624, 1589 
425, 4709, 1, 3800, 347, 719, 3021, 4 
426, 4709, 1, 3800, 347, 719, 2992, 0 
427, 4709, 0, 3800, 348, 719, 3064, 0 
428, 4709, 17, 68400, 3135, 5839, 37007, 803 
429, 4709, 1, 0, 348, 718, 3123, 1 
430, 4709, 1, 3800, 349, 718, 3206, 0 
431, 4709, 0, 3800, 349, 718, 2987, 2 
432, 4709, 6, 22800, 2020, 4302, 21228, 100 
433, 4709, 1, 0, 346, 704, 3074, 2 
1, 4774, 2605, 9899000, 1021111, 2481857, 5513319, 29838 
434, 4709, 2, 7600, 363, 704, 7779, 54 
435, 4709, 1, 3800, 367, 645, 4530, 49 
436, 4709, 1, 0, 338, 704, 2708, 8 
1, 4775, 2949, 11202400, 1026612, 2493970, 5689622, 31250 
437, 4709, 2, 7600, 363, 704, 6970, 57 
438, 4709, 9, 34200, 1191, 1975, 32735, 315 
439, 4709, 1, 3800, 339, 704, 2790, 5 
1, 4776, 2829, 10754000, 1019142, 2475263, 5381318, 31033 
440, 4709, 2, 7600, 359, 703, 6743, 53 
441, 4709, 1, 3800, 322, 647, 3357, 10 
442, 4709, 9, 30400, 420, 732, 14190, 121 
443, 4709, 89, 338200, 76330, 159159, 305263, 1791 
444, 4709, 1, 3800, 388, 719, 6999, 48 
445, 4709, 1, 3800, 353, 719, 3177, 8 
446, 4709, 1, 3800, 350, 719, 3299, 3 
447, 4709, 22, 79800, 3603, 6705, 41266, 872 
448, 4709, 1, 3800, 348, 718, 3033, 1 
449, 4709, 1, 3800, 345, 718, 3191, 2 
450, 4709, 1, 3800, 350, 718, 3116, 1 
451, 4709, 9, 30400, 2102, 4163, 32082, 268 
452, 4709, 0, 3800, 344, 704, 3010, 4 
1, 4777, 2804, 10655200, 1026953, 2487178, 5667470, 31272 
453, 4709, 2, 7600, 362, 704, 7586, 56 
454, 4709, 2, 7600, 371, 645, 5640, 50 
455, 4709, 1, 0, 344, 704, 2773, 6 
1, 4778, 2744, 10431000, 1022923, 2485120, 5465590, 30382 
456, 4709, 1, 7600, 360, 704, 6980, 57 
457, 4709, 9, 34200, 1212, 1987, 33726, 336 
458, 4709, 1, 3800, 346, 704, 2664, 5 
1, 4779, 2530, 9614000, 1019512, 2473963, 5261367, 29047 
459, 4709, 2, 3800, 348, 703, 5680, 30 
460, 4709, 1, 3800, 323, 647, 3342, 23 
461, 4709, 3, 11400, 369, 732, 5685, 21 
462, 4709, 71, 266000, 76205, 158984, 262347, 1343 
463, 4709, 1, 0, 349, 719, 2900, 2 
464, 4709, 1, 3800, 348, 719, 2596, 1 
465, 4709, 1, 3800, 348, 719, 3139, 0 
466, 4709, 13, 49400, 1247, 2360, 26747, 447 
467, 4709, 1, 3800, 410, 718, 8334, 58 
468, 4709, 1, 3800, 353, 718, 3100, 9 
469, 4709, 1, 0, 345, 718, 3226, 6 
470, 4709, 9, 30400, 2121, 4147, 32104, 266 
471, 4709, 1, 3800, 346, 704, 2601, 3 
1, 4780, 2891, 10989600, 1020064, 2476663, 5893751, 32288 
472, 4709, 2, 7600, 361, 704, 7770, 57 
473, 4709, 1, 7600, 367, 645, 4618, 51 
474, 4709, 3, 11400, 340, 704, 11067, 10 
1, 4781, 2537, 9640600, 1021055, 2488022, 5190948, 24304 
475, 4709, 2, 7600, 358, 704, 6293, 53 
476, 4709, 9, 34200, 1208, 1982, 33591, 330 
477, 4709, 4, 15200, 344, 704, 15365, 8 
1, 4782, 2599, 9876200, 1019185, 2475439, 5322955, 30352 
478, 4709, 1, 7600, 360, 703, 6477, 50 
479, 4709, 1, 3800, 318, 647, 4075, 15 
480, 4709, 9, 34200, 416, 732, 13800, 113 
481, 4709, 85, 323000, 76270, 158984, 292243, 1788 
482, 4709, 1, 0, 348, 719, 3176, 6 
483, 4709, 1, 3800, 346, 719, 3104, 1 
484, 4709, 0, 3800, 348, 719, 3347, 1 
485, 4709, 13, 49400, 920, 1755, 25563, 419 
486, 4709, 1, 3800, 345, 718, 3233, 0 
487, 4709, 1, 3800, 348, 718, 3263, 0 
488, 4709, 1, 3800, 350, 718, 3075, 0 
489, 4709, 5, 22800, 1971, 4198, 20271, 90 
490, 4709, 1, 3800, 343, 704, 2639, 4 
1, 4783, 3025, 11491200, 1024298, 2483342, 5660845, 33296 
491, 4709, 2, 7600, 363, 704, 7651, 57 
492, 4709, 1, 7600, 369, 645, 5285, 46 
493, 4709, 1, 3800, 343, 704, 2656, 10 
1, 4784, 2769, 10522200, 1023342, 2485454, 5720989, 29408 
494, 4709, 2, 7600, 361, 704, 7397, 52 
495, 4709, 9, 30400, 1221, 1988, 32264, 330 
496, 4709, 0, 3800, 346, 704, 2732, 8 
1, 4785, 2537, 9640600, 1012280, 2463165, 5193765, 26471 
497, 4709, 2, 7600, 359, 703, 6982, 56 
498, 4709, 1, 3800, 319, 647, 3229, 15 
499, 4709, 5, 19000, 369, 732, 4906, 16 
500, 4709, 77, 296400, 76157, 158994, 288848, 1656 
501, 4709, 1, 0, 345, 719, 2629, 1 
502, 4709, 1, 3800, 348, 719, 2948, 4 
503, 4709, 0, 3800, 345, 719, 2353, 1 
504, 4709, 12, 41800, 452, 926, 19730, 283 
505, 4709, 1, 0, 351, 718, 3226, 0 
506, 4709, 1, 3800, 347, 718, 3140, 2 
507, 4709, 0, 3800, 350, 718, 3132, 0 
508, 4709, 5, 22800, 1994, 4242, 19893, 95 
509, 4709, 1, 3800, 345, 704, 2756, 3 
1, 4786, 2777, 10552600, 1019193, 2475719, 5519364, 32004 
510, 4709, 2, 7600, 362, 704, 6947, 55 
511, 4709, 1, 7600, 367, 645, 5358, 47 
512, 4709, 1, 3800, 342, 704, 2782, 5 
1, 4787, 2672, 10157400, 1020990, 2486183, 5305115, 26082 
513, 4709, 2, 7600, 361, 704, 6674, 51 
514, 4709, 9, 34200, 1225, 1988, 34293, 326 
515, 4709, 1, 0, 348, 704, 2751, 4 
1, 4788, 2586, 9830600, 1016851, 2470282, 5277816, 26771 
516, 4709, 2, 7600, 356, 703, 7056, 52 
517, 4709, 1, 3800, 321, 647, 3426, 23 
518, 4709, 9, 30400, 435, 732, 11728, 103 
519, 4709, 78, 292600, 76213, 158961, 289822, 1767 
520, 4709, 1, 3800, 347, 719, 3505, 0 
521, 4709, 0, 3800, 350, 719, 3416, 3 
522, 4709, 1, 0, 350, 719, 3110, 0 
523, 4709, 13, 45600, 783, 1507, 23707, 392 
524, 4709, 1, 3800, 347, 718, 3254, 0 
525, 4709, 1, 3800, 344, 718, 2874, 1 
526, 4709, 1, 3800, 346, 718, 3214, 1 
527, 4709, 6, 22800, 2037, 4348, 21855, 104 
528, 4709, 0, 3800, 346, 704, 2661, 3 
1, 4789, 2720, 10336000, 1019460, 2476395, 5257807, 29147 
529, 4709, 2, 7600, 363, 704, 7464, 58 
530, 4709, 1, 7600, 367, 645, 5577, 47 
531, 4709, 1, 3800, 344, 704, 4002, 9 
1, 4790, 2734, 10389200, 1023832, 2489207, 5232756, 27884 
532, 4709, 2, 3800, 363, 704, 6754, 57 
533, 4709, 10, 38000, 1226, 2030, 37031, 356 
534, 4709, 1, 3800, 346, 704, 2653, 8 
1, 4791, 2489, 9458200, 1013397, 2468848, 5226578, 25288 
535, 4709, 2, 3800, 357, 703, 6623, 52 
536, 4709, 1, 3800, 320, 647, 3483, 17 
537, 4709, 5, 19000, 364, 732, 5085, 23 
538, 4709, 107, 406600, 117672, 245679, 400163, 1863 
539, 4709, 0, 3800, 347, 719, 3090, 0 
540, 4709, 0, 3800, 352, 719, 3013, 2 
541, 4709, 1, 0, 350, 719, 2704, 0 
542, 4709, 18, 72200, 3118, 5804, 36630, 791 
543, 4709, 0, 3800, 349, 718, 3120, 0 
544, 4709, 0, 3800, 347, 718, 3014, 0 
545, 4709, 0, 3800, 345, 718, 2798, 0 
546, 4709, 5, 22800, 2924, 6582, 19325, 26 
547, 4709, 1, 0, 346, 719, 2693, 0 
548, 4709, 1, 3800, 344, 719, 2547, 0 
549, 4709, 1, 3800, 348, 719, 3380, 2 
550, 4709, 14, 57000, 3098, 5800, 22647, 15 
551, 4709, 1, 3800, 344, 718, 2865, 0 
552, 4709, 1, 3800, 347, 718, 3006, 2 
553, 4709, 1, 3800, 347, 718, 2878, 0 
554, 4709, 6, 22800, 2027, 4342, 20585, 84 
555, 4709, 1, 3800, 343, 704, 2710, 1 
1, 4792, 2681, 10191600, 1018060, 2474116, 5495822, 29051 
556, 4709, 2, 7600, 364, 704, 7163, 57 
557, 4709, 2, 7600, 368, 645, 4966, 45 
558, 4709, 1, 3800, 339, 704, 2734, 9 
1, 4793, 2825, 10735000, 1025097, 2488791, 5370303, 28022 
559, 4709, 2, 7600, 361, 704, 7103, 53 
560, 4709, 10, 38000, 1237, 2019, 35298, 329 
561, 4709, 1, 3800, 340, 704, 2662, 5 
1, 4794, 2479, 9424000, 1013822, 2466405, 5428200, 27383 
562, 4709, 1, 7600, 360, 703, 6580, 56 
563, 4709, 1, 3800, 318, 647, 3379, 24 
564, 4709, 5, 19000, 368, 732, 4964, 21 
565, 4709, 76, 285000, 76408, 159372, 280958, 1633 
566, 4709, 1, 3800, 346, 719, 3198, 0 
567, 4709, 1, 3800, 348, 719, 3157, 0 
568, 4709, 1, 3800, 344, 719, 2287, 0 
569, 4709, 19, 72200, 3136, 5839, 37198, 805 
570, 4709, 1, 3800, 351, 718, 3184, 0 
571, 4709, 1, 3800, 343, 718, 3162, 0 
572, 4709, 1, 3800, 351, 718, 3154, 3 
573, 4709, 6, 19000, 2015, 4330, 20485, 89 
574, 4709, 1, 3800, 339, 704, 2878, 1 
1, 4795, 2726, 10358800, 1019210, 2474292, 5563106, 29164 
575, 4709, 2, 7600, 360, 704, 7483, 54 
576, 4709, 1, 3800, 366, 645, 5221, 49 
577, 4709, 1, 3800, 343, 704, 2862, 8 
1, 4796, 2730, 10377800, 1021800, 2485071, 5149697, 27516 
578, 4709, 2, 11400, 356, 704, 7697, 52 
579, 4709, 9, 34200, 1220, 2035, 35341, 331 
580, 4709, 1, 3800, 342, 704, 2867, 6 
1, 4797, 2742, 10415800, 1016527, 2468338, 5194015, 29212 
581, 4709, 2, 7600, 360, 703, 6665, 55 
582, 4709, 1, 3800, 320, 647, 3846, 20 
583, 4709, 5, 22800, 362, 732, 5440, 20 
584, 4709, 79, 300200, 76337, 159592, 282900, 1636 
585, 4709, 0, 3800, 345, 719, 2623, 1 
586, 4709, 1, 3800, 347, 719, 2654, 1 
587, 4709, 0, 3800, 347, 719, 3266, 0 
588, 4709, 21, 79800, 3597, 6705, 41043, 858 
589, 4709, 0, 3800, 349, 718, 3183, 2 
590, 4709, 1, 3800, 350, 718, 3246, 0 
591, 4709, 2, 7600, 396, 718, 11063, 93 
592, 4709, 9, 34200, 2248, 4310, 35270, 363 
593, 4709, 1, 3800, 347, 704, 2673, 4 
1, 4798, 2939, 11168200, 1021681, 2480050, 5304117, 30516 
594, 4709, 17, 64600, 343, 705, 5556, 28 
595, 4709, 3, 7600, 368, 645, 9399, 40 
596, 4709, 0, 3800, 343, 704, 2907, 5 
1, 4799, 2956, 11232800, 1021825, 2481163, 5636763, 31603 
597, 4709, 2, 7600, 352, 704, 5603, 35 
598, 4709, 8, 26600, 1167, 2035, 28882, 249 
599, 4709, 1, 0, 343, 704, 2943, 6 
1, 4800, 2791, 10609600, 1015496, 2466560, 5369687, 28123 
600, 4709, 1, 7600, 345, 703, 5148, 34 
601, 4709, 1, 3800, 324, 647, 3312, 14 
602, 4709, 3, 11400, 369, 732, 4816, 13 
603, 4709, 68, 258400, 76340, 159447, 253287, 1300 
604, 4709, 1, 3800, 351, 719, 3513, 3 
605, 4709, 1, 3800, 351, 719, 3087, 0 
606, 4709, 1, 3800, 354, 719, 3189, 2 
607, 4709, 13, 49400, 1238, 2360, 25662, 447 
608, 4709, 2, 3800, 375, 718, 5123, 25 
609, 4709, 1, 3800, 351, 718, 3274, 1 
610, 4709, 1, 3800, 345, 718, 2970, 2 
611, 4709, 7, 26600, 2110, 4252, 26086, 181 
612, 4709, 1, 0, 346, 704, 2521, 1 
1, 4801, 2951, 11213800, 1021506, 2476630, 5388776, 30842 
613, 4709, 1, 7600, 350, 704, 5763, 35 
614, 4709, 2, 7600, 367, 645, 4899, 44 
615, 4709, 1, 3800, 344, 704, 2683, 4 
1, 4802, 2696, 10241000, 1019418, 2482939, 5086950, 26435 
616, 4709, 1, 3800, 345, 704, 5132, 33 
617, 4709, 7, 26600, 1169, 2040, 27186, 245 
618, 4709, 2, 3800, 345, 704, 5960, 3 
1, 4803, 2806, 10662800, 1017054, 2465867, 5477007, 30357 
619, 4709, 2, 7600, 340, 703, 5138, 31 
620, 4709, 1, 3800, 319, 647, 3903, 16 
621, 4709, 7, 26600, 432, 732, 10351, 101 
622, 4709, 78, 296400, 76418, 159267, 291963, 1785 
623, 4709, 1, 0, 350, 719, 2514, 6 
624, 4709, 1, 3800, 347, 719, 2584, 1 
625, 4709, 1, 0, 349, 719, 2947, 0 
626, 4709, 14, 49400, 922, 1755, 24219, 420 
627, 4709, 1, 3800, 348, 718, 2932, 1 
628, 4709, 1, 0, 352, 718, 3162, 3 
629, 4709, 0, 3800, 352, 718, 3028, 0 
630, 4709, 5, 22800, 2023, 4353, 21485, 114 
631, 4709, 1, 3800, 348, 704, 2746, 3 
1, 4804, 2985, 11343000, 1018520, 2466316, 5658140, 34018 
632, 4709, 1, 3800, 344, 704, 4960, 31 
633, 4709, 2, 3800, 369, 645, 5117, 44 
634, 4709, 1, 0, 343, 704, 2777, 6 
1, 4805, 2858, 10856600, 1021478, 2481276, 5495275, 29209 
635, 4709, 1, 3800, 346, 704, 4859, 34 
636, 4709, 7, 26600, 1167, 2036, 26972, 261 
637, 4709, 1, 3800, 346, 704, 2761, 3 
1, 4806, 2878, 10936400, 1016400, 2467012, 5297788, 27520 
638, 4709, 1, 3800, 340, 703, 5238, 33 
639, 4709, 1, 3800, 324, 647, 3815, 16 
640, 4709, 7, 26600, 390, 732, 6663, 26 
641, 4709, 75, 285000, 76386, 159348, 268978, 1414 
642, 4709, 1, 3800, 351, 719, 2719, 0 
643, 4709, 1, 0, 346, 719, 2305, 0 
644, 4709, 1, 0, 349, 719, 2693, 0 
645, 4709, 11, 41800, 455, 926, 20259, 287 
646, 4709, 1, 0, 364, 718, 3764, 8 
647, 4709, 1, 3800, 348, 718, 3025, 4 
648, 4709, 1, 3800, 351, 718, 3239, 4 
649, 4709, 6, 22800, 2069, 4368, 23247, 135 
650, 4709, 1, 3800, 347, 704, 2711, 2 
1, 4807, 3197, 12152400, 1019672, 2467719, 5939326, 34358 
651, 4709, 2, 7600, 346, 704, 5033, 35 
652, 4709, 1, 7600, 366, 645, 4984, 44 
653, 4709, 1, 0, 346, 704, 2903, 9 
1, 4808, 2706, 10282800, 1023390, 2485144, 5490654, 29127 
654, 4709, 2, 3800, 343, 704, 5572, 34 
655, 4709, 8, 30400, 1165, 2040, 29752, 244 
656, 4709, 1, 0, 346, 704, 2625, 4 
1, 4809, 2805, 10662800, 1014634, 2465946, 5305482, 28874 
657, 4709, 2, 7600, 342, 703, 4820, 30 
658, 4709, 1, 3800, 323, 647, 3598, 17 
659, 4709, 4, 15200, 379, 732, 7131, 40 
660, 4709, 78, 292600, 76230, 159427, 258789, 1314 
661, 4709, 1, 3800, 347, 719, 2900, 1 
662, 4709, 1, 3800, 345, 719, 2605, 0 
663, 4709, 1, 3800, 349, 719, 3559, 3 
664, 4709, 13, 45600, 769, 1507, 24255, 374 
665, 4709, 1, 7600, 384, 718, 7307, 51 
666, 4709, 1, 3800, 354, 718, 3075, 2 
667, 4709, 1, 3800, 351, 718, 3370, 4 
668, 4709, 8, 30400, 2116, 4354, 28535, 184 
669, 4709, 1, 3800, 347, 704, 2740, 7 
1, 4810, 2817, 10700800, 1015464, 2468002, 5454010, 30662 
670, 4709, 2, 7600, 346, 704, 5774, 34 
671, 4709, 2, 3800, 366, 645, 5604, 49 
672, 4709, 1, 0, 346, 704, 2574, 3 
1, 4811, 2813, 10689400, 1016796, 2470827, 5339151, 27639 
673, 4709, 1, 3800, 344, 704, 4924, 31 
674, 4709, 8, 30400, 1163, 2040, 27707, 250 
675, 4709, 1, 0, 346, 704, 2755, 8 
1, 4812, 2899, 11016200, 1011697, 2454596, 5554887, 32622 
676, 4709, 2, 3800, 346, 703, 5102, 29 
677, 4709, 1, 3800, 319, 647, 3278, 15 
678, 4709, 9, 30400, 422, 732, 13233, 98 
679, 4709, 109, 414200, 117248, 245847, 407379, 1998 
680, 4709, 1, 3800, 349, 719, 3266, 2 
681, 4709, 1, 3800, 352, 719, 3328, 3 
682, 4709, 1, 3800, 346, 719, 2933, 2 
683, 4709, 19, 72200, 3139, 5843, 38502, 802 
684, 4709, 1, 3800, 350, 718, 3112, 1 
685, 4709, 1, 0, 344, 718, 2839, 1 
686, 4709, 1, 3800, 348, 718, 3323, 1 
687, 4709, 6, 22800, 2951, 6681, 20536, 39 
688, 4709, 0, 3800, 348, 719, 3190, 0 
689, 4709, 1, 3800, 347, 719, 3193, 1 
690, 4709, 1, 3800, 356, 719, 3015, 0 
691, 4709, 14, 53200, 3116, 5839, 21269, 22 
692, 4709, 1, 0, 349, 718, 3414, 0 
693, 4709, 1, 0, 347, 718, 3089, 0 
694, 4709, 1, 3800, 351, 718, 3301, 0 
695, 4709, 6, 22800, 2019, 4358, 21858, 98 
696, 4709, 1, 3800, 344, 704, 2767, 4 
1, 4813, 3105, 11799000, 1013003, 2457628, 5673879, 32713 
697, 4709, 1, 7600, 343, 704, 6031, 36 
698, 4709, 2, 3800, 369, 645, 4989, 48 
699, 4709, 1, 3800, 349, 704, 2748, 5 
1, 4814, 3024, 11495000, 1020689, 2475104, 5566429, 32192 
700, 4709, 1, 3800, 347, 704, 5507, 31 
701, 4709, 9, 30400, 1170, 2031, 30062, 262 
702, 4709, 1, 3800, 349, 704, 2562, 5 
1, 4815, 3006, 11422800, 1014011, 2457857, 5643993, 33305 
703, 4709, 1, 7600, 341, 703, 5005, 31 
704, 4709, 1, 3800, 321, 647, 3360, 14 
705, 4709, 7, 22800, 422, 732, 11348, 93 
706, 4709, 76, 288800, 76413, 159406, 284370, 1685 
707, 4709, 1, 3800, 349, 719, 2646, 4 
708, 4709, 1, 0, 352, 719, 2444, 1 
709, 4709, 0, 3800, 353, 719, 3181, 0 
710, 4709, 21, 79800, 3603, 6705, 45659, 863 
711, 4709, 1, 0, 353, 718, 3153, 1 
712, 4709, 1, 3800, 348, 718, 3038, 1 
713, 4709, 1, 3800, 349, 718, 2986, 0 
714, 4709, 6, 22800, 2024, 4358, 21583, 105 
715, 4709, 1, 3800, 348, 704, 2688, 3 
1, 4816, 2869, 10906000, 1012366, 2459429, 5325445, 29783 
716, 4709, 1, 3800, 342, 704, 5683, 36 
717, 4709, 2, 3800, 367, 645, 5136, 46 
718, 4709, 3, 3800, 347, 704, 2748, 9 
1, 4817, 3085, 11719200, 1018555, 2472478, 5564765, 31200 
719, 4709, 1, 3800, 345, 704, 5425, 31 
720, 4709, 8, 30400, 1174, 2039, 27921, 252 
721, 4709, 1, 3800, 345, 704, 2775, 3 
1, 4818, 2925, 11115000, 1014490, 2464451, 5527362, 30765 
722, 4709, 2, 3800, 344, 703, 5327, 30 
723, 4709, 1, 3800, 319, 647, 3501, 13 
724, 4709, 3, 11400, 368, 732, 4722, 14 
725, 4709, 71, 266000, 76240, 159435, 262906, 1415 
726, 4709, 1, 3800, 347, 719, 2809, 1 
727, 4709, 1, 3800, 352, 719, 3194, 0 
728, 4709, 1, 3800, 348, 719, 2607, 0 
729, 4709, 14, 53200, 1250, 2360, 26222, 454 
730, 4709, 1, 3800, 346, 718, 3221, 1 
731, 4709, 1, 0, 348, 718, 3139, 0 
732, 4709, 1, 3800, 351, 718, 3190, 0 
733, 4709, 6, 19000, 2020, 4356, 20118, 74 
734, 4709, 1, 3800, 345, 704, 2391, 0 
1, 4819, 3270, 12426000, 1013804, 2459486, 5791897, 33745 
735, 4709, 1, 3800, 338, 704, 5583, 34 
736, 4709, 2, 3800, 370, 645, 5119, 41 
737, 4709, 1, 3800, 344, 704, 2598, 4 
1, 4820, 2837, 10784400, 1019462, 2475731, 5650156, 31844 
738, 4709, 2, 3800, 345, 704, 5408, 32 
739, 4709, 7, 30400, 1157, 2040, 26981, 243 
740, 4709, 0, 3800, 344, 704, 2819, 6 
1, 4821, 2881, 10947800, 1013410, 2460253, 5480497, 30409 
741, 4709, 1, 3800, 344, 703, 4991, 36 
742, 4709, 1, 3800, 322, 647, 3216, 14 
743, 4709, 3, 7600, 370, 732, 4784, 15 
744, 4709, 72, 273600, 76361, 159402, 267966, 1391 
745, 4709, 1, 3800, 349, 719, 3219, 0 
746, 4709, 1, 3800, 349, 719, 3252, 4 
747, 4709, 1, 3800, 351, 719, 3044, 0 
748, 4709, 13, 49400, 918, 1755, 24954, 419 
749, 4709, 1, 7600, 405, 718, 7420, 48 
750, 4709, 1, 3800, 351, 718, 3660, 8 
751, 4709, 1, 3800, 350, 718, 3347, 3 
752, 4709, 8, 26600, 2142, 4348, 28641, 222 
753, 4709, 1, 3800, 345, 704, 2649, 6 
1, 4822, 3038, 11544400, 1016458, 2469133, 5765360, 29345 
754, 4709, 2, 7600, 343, 704, 6077, 41 
755, 4709, 2, 3800, 366, 645, 5416, 47 
756, 4709, 1, 3800, 345, 704, 2664, 6 
1, 4823, 2901, 11023800, 1017167, 2472470, 5554240, 28190 
757, 4709, 2, 7600, 337, 704, 5849, 38 
758, 4709, 8, 26600, 1153, 2036, 27345, 239 
759, 4709, 0, 3800, 345, 704, 2863, 3 
1, 4824, 2762, 10491800, 1008752, 2454805, 5342201, 28324 
760, 4709, 2, 3800, 345, 703, 5455, 32 
761, 4709, 1, 3800, 323, 647, 3781, 16 
762, 4709, 4, 11400, 370, 732, 4770, 17 
763, 4709, 70, 266000, 76388, 159383, 262328, 1330 
764, 4709, 1, 3800, 349, 719, 3089, 0 
765, 4709, 1, 3800, 343, 719, 3082, 1 
766, 4709, 1, 3800, 349, 719, 3444, 0 
767, 4709, 11, 41800, 459, 926, 20490, 288 
768, 4709, 1, 3800, 344, 718, 3184, 0 
769, 4709, 1, 3800, 348, 718, 3243, 0 
770, 4709, 1, 3800, 345, 718, 3283, 0 
771, 4709, 6, 19000, 2043, 4352, 20686, 78 
772, 4709, 1, 3800, 346, 704, 2702, 1 
1, 4825, 3138, 11928200, 1013691, 2457771, 5558513, 33427 
773, 4709, 1, 3800, 343, 704, 5311, 30 
774, 4709, 1, 3800, 367, 645, 4598, 43 
775, 4709, 1, 3800, 342, 704, 2630, 6 
1, 4826, 2944, 11187200, 1015530, 2466860, 5482276, 31824 
776, 4709, 1, 3800, 343, 704, 5048, 36 
777, 4709, 8, 30400, 1166, 2040, 28491, 257 
778, 4709, 0, 3800, 345, 704, 2771, 6 
1, 4827, 2799, 10636200, 1009728, 2450971, 5724673, 32424 
779, 4709, 1, 7600, 342, 703, 5402, 32 
780, 4709, 1, 3800, 320, 647, 3236, 18 
781, 4709, 4, 15200, 431, 732, 9845, 84 
782, 4709, 75, 288800, 76398, 159391, 273384, 1485 
783, 4709, 1, 3800, 353, 719, 3106, 3 
784, 4709, 0, 3800, 347, 719, 2567, 2 
785, 4709, 1, 3800, 348, 719, 2788, 2 
786, 4709, 13, 49400, 781, 1507, 22864, 381 
787, 4709, 1, 3800, 350, 718, 3140, 2 
788, 4709, 1, 3800, 350, 718, 3817, 2 
789, 4709, 1, 3800, 348, 718, 3470, 1 
790, 4709, 5, 22800, 2028, 4344, 20078, 94 
791, 4709, 1, 3800, 346, 704, 2883, 3 
1, 4828, 3097, 11768600, 1015147, 2458332, 5469477, 30538 
792, 4709, 2, 7600, 343, 704, 6083, 35 
793, 4709, 2, 3800, 368, 645, 5433, 46 
794, 4709, 0, 3800, 346, 704, 2766, 6 
1, 4829, 2684, 10199200, 1014629, 2467236, 5191187, 26246 
795, 4709, 1, 7600, 343, 704, 4901, 31 
796, 4709, 8, 30400, 1171, 2036, 28900, 242 
797, 4709, 1, 0, 348, 704, 2676, 6 
1, 4830, 2957, 11240400, 1009549, 2450660, 5600071, 31830 
798, 4709, 2, 3800, 344, 703, 4863, 30 
799, 4709, 1, 3800, 320, 647, 3321, 20 
800, 4709, 3, 11400, 369, 732, 4870, 24 
801, 4709, 97, 364800, 117650, 245692, 360701, 1515 
802, 4709, 1, 3800, 346, 720, 4492, 5 
803, 4709, 1, 0, 350, 719, 2958, 3 
804, 4709, 1, 3800, 346, 719, 3223, 2 
805, 4709, 20, 76000, 3594, 6709, 41781, 862 
806, 4709, 1, 3800, 352, 718, 3512, 0 
807, 4709, 0, 3800, 347, 718, 3098, 0 
808, 4709, 1, 0, 349, 718, 3060, 2 
809, 4709, 6, 22800, 2945, 6666, 19794, 24 
810, 4709, 1, 3800, 352, 719, 3305, 1 
811, 4709, 1, 3800, 349, 719, 2644, 0 
812, 4709, 1, 0, 348, 719, 2746, 0 
813, 4709, 14, 49400, 3582, 6705, 25408, 58 
814, 4709, 1, 3800, 345, 718, 3160, 0 
815, 4709, 1, 0, 349, 718, 3194, 0 
816, 4709, 0, 3800, 349, 718, 3131, 0 
817, 4709, 6, 19000, 2035, 4342, 20540, 91 
818, 4709, 1, 0, 344, 704, 2751, 1 
1, 4831, 3134, 11909200, 1017539, 2466279, 5642624, 32361 
819, 4709, 1, 3800, 346, 704, 5534, 31 
820, 4709, 1, 3800, 366, 645, 4947, 43 
821, 4709, 0, 3800, 344, 704, 2894, 7 
1, 4832, 2996, 11384800, 1016693, 2466092, 5622484, 31713 
822, 4709, 1, 3800, 343, 704, 4685, 29 
823, 4709, 8, 30400, 1161, 2041, 29126, 249 
824, 4709, 1, 3800, 346, 704, 2824, 6 
1, 4833, 2806, 10666600, 1007738, 2450082, 5223089, 27868 
825, 4709, 1, 3800, 345, 703, 5013, 30 
826, 4709, 1, 3800, 320, 647, 3282, 15 
827, 4709, 4, 15200, 370, 732, 4759, 17 
828, 4709, 70, 266000, 76370, 159386, 261707, 1339 
829, 4709, 1, 0, 346, 719, 3199, 1 
830, 4709, 1, 0, 344, 719, 2535, 0 
831, 4709, 1, 3800, 349, 719, 3562, 2 
832, 4709, 14, 53200, 1237, 2360, 26892, 444 
833, 4709, 1, 3800, 343, 718, 2937, 4 
834, 4709, 1, 0, 349, 718, 3186, 0 
835, 4709, 1, 3800, 349, 718, 3395, 0 
836, 4709, 5, 19000, 2032, 4336, 20389, 92 
837, 4709, 0, 3800, 338, 704, 2737, 1 
1, 4834, 2838, 10784400, 1010150, 2455277, 5392380, 30926 
838, 4709, 1, 7600, 345, 704, 5588, 36 
839, 4709, 2, 7600, 366, 645, 4770, 38 
840, 4709, 1, 3800, 341, 704, 2729, 4 
1, 4835, 3107, 11806600, 1020523, 2472833, 5700023, 33720 
841, 4709, 2, 3800, 344, 704, 4820, 31 
842, 4709, 7, 26600, 1180, 2040, 27444, 251 
843, 4709, 1, 3800, 345, 704, 2892, 3 
1, 4836, 2770, 10529800, 1010227, 2458557, 5206084, 26748 
844, 4709, 1, 3800, 344, 703, 5221, 32 
845, 4709, 1, 3800, 320, 647, 3385, 18 
846, 4709, 4, 15200, 382, 732, 5728, 23 
847, 4709, 73, 277400, 76441, 159344, 273318, 1440 
848, 4709, 1, 3800, 347, 719, 2895, 2 
849, 4709, 0, 3800, 348, 719, 3128, 0 
850, 4709, 1, 3800, 349, 719, 3167, 5 
851, 4709, 14, 49400, 904, 1755, 25295, 424 
852, 4709, 1, 3800, 350, 718, 2957, 1 
853, 4709, 1, 0, 350, 718, 2969, 0 
854, 4709, 1, 0, 353, 718, 3229, 0 
855, 4709, 6, 19000, 2011, 4316, 19836, 86 
856, 4709, 1, 3800, 345, 704, 2764, 1 
1, 4837, 3073, 11681200, 1014349, 2460195, 5473459, 32005 
857, 4709, 1, 7600, 346, 704, 6117, 34 
858, 4709, 2, 3800, 366, 645, 4785, 47 
859, 4709, 1, 3800, 343, 704, 2742, 2 
1, 4838, 2885, 10966800, 1016872, 2467155, 5493633, 28798 
860, 4709, 1, 7600, 342, 704, 4995, 38 
861, 4709, 8, 30400, 1167, 2040, 27568, 248 
862, 4709, 1, 3800, 343, 704, 2808, 8 
1, 4839, 2850, 10830000, 1009289, 2452037, 5479341, 31195 
863, 4709, 2, 3800, 340, 703, 5189, 33 
864, 4709, 1, 3800, 322, 647, 3193, 15 
865, 4709, 8, 34200, 418, 732, 13777, 110 
866, 4709, 79, 300200, 76439, 159331, 296679, 1797 
867, 4709, 1, 3800, 345, 719, 2732, 1 
868, 4709, 1, 3800, 347, 719, 2847, 1 
869, 4709, 1, 3800, 348, 719, 2861, 1 
870, 4709, 11, 41800, 458, 926, 19408, 283 
871, 4709, 1, 3800, 348, 718, 2717, 2 
872, 4709, 1, 0, 347, 718, 2787, 0 
873, 4709, 1, 0, 349, 718, 3108, 1 
874, 4709, 5, 22800, 2027, 4292, 20526, 94 
875, 4709, 1, 3800, 343, 704, 2674, 3 
1, 4840, 2967, 11274600, 1011482, 2457377, 5571740, 31574 
876, 4709, 1, 7600, 347, 704, 4701, 31 
877, 4709, 1, 7600, 367, 645, 5251, 46 
878, 4709, 1, 3800, 349, 704, 2832, 10 
1, 4841, 2883, 10955400, 1015765, 2467069, 5463955, 29436 
879, 4709, 1, 3800, 344, 704, 4610, 31 
880, 4709, 7, 30400, 1165, 2036, 28354, 252 
881, 4709, 1, 3800, 349, 704, 2685, 4 
1, 4842, 3166, 12030800, 1009828, 2450693, 5687822, 32574 
882, 4709, 1, 3800, 346, 703, 4996, 28 
883, 4709, 1, 3800, 319, 647, 3741, 16 
884, 4709, 9, 34200, 422, 732, 27880, 110 
885, 4709, 79, 296400, 76409, 159368, 293085, 1817 
886, 4709, 1, 3800, 347, 719, 2612, 0 
887, 4709, 0, 3800, 345, 719, 2793, 0 
888, 4709, 1, 0, 348, 719, 2860, 1 
889, 4709, 13, 49400, 782, 1507, 22942, 386 
890, 4709, 1, 3800, 349, 718, 3453, 1 
891, 4709, 1, 3800, 351, 718, 3344, 0 
892, 4709, 1, 3800, 353, 718, 3367, 0 
893, 4709, 6, 22800, 2027, 4377, 21036, 94 
894, 4709, 1, 3800, 344, 704, 2951, 4 
1, 4843, 2827, 10742600, 1013275, 2458743, 5533569, 31598 
895, 4709, 1, 7600, 349, 704, 5405, 32 
896, 4709, 1, 3800, 367, 645, 5099, 48 
897, 4709, 1, 3800, 343, 704, 2703, 3 
1, 4844, 2971, 11293600, 1016885, 2468119, 5388301, 28296 
898, 4709, 1, 7600, 348, 704, 5007, 38 
899, 4709, 8, 26600, 1164, 2040, 27681, 246 
900, 4709, 1, 3800, 345, 704, 2623, 5 
1, 4845, 2812, 10685600, 1011095, 2456360, 5326539, 30371 
901, 4709, 1, 7600, 343, 703, 4928, 32 
902, 4709, 1, 3800, 318, 647, 3304, 12 
903, 4709, 6, 19000, 391, 732, 7761, 49 
904, 4709, 105, 399000, 117662, 245755, 381654, 1706 
905, 4709, 1, 3800, 346, 719, 2898, 0 
906, 4709, 1, 3800, 352, 719, 2841, 0 
907, 4709, 1, 3800, 347, 719, 2627, 1 
908, 4709, 15, 57000, 1252, 2364, 33070, 456 
909, 4709, 1, 3800, 350, 718, 3175, 2 
910, 4709, 2, 3800, 362, 718, 7177, 41 
911, 4709, 1, 3800, 354, 718, 3158, 2 
912, 4709, 9, 34200, 3112, 6675, 33304, 239 
913, 4709, 1, 3800, 352, 719, 3180, 1 
914, 4709, 1, 3800, 349, 719, 3295, 1 
915, 4709, 1, 3800, 355, 719, 3273, 4 
916, 4709, 16, 57000, 1231, 2360, 24381, 402 
917, 4709, 0, 3800, 350, 718, 3044, 2 
918, 4709, 1, 0, 349, 718, 3023, 2 
919, 4709, 1, 3800, 347, 718, 3038, 1 
920, 4709, 6, 22800, 2046, 4370, 22350, 101 
921, 4709, 1, 3800, 345, 704, 2833, 3 
1, 4846, 3003, 11415200, 1013975, 2462366, 5426782, 30551 
922, 4709, 1, 3800, 341, 704, 4943, 30 
923, 4709, 1, 7600, 365, 645, 5236, 43 
924, 4709, 0, 3800, 339, 704, 2702, 6 
1, 4847, 2932, 11137800, 1015194, 2465840, 5530418, 30224 
925, 4709, 1, 3800, 342, 704, 4906, 29 
926, 4709, 8, 30400, 1173, 2041, 28171, 240 
927, 4709, 0, 3800, 346, 704, 2891, 8 
1, 4848, 2789, 10598200, 1009636, 2454368, 5490244, 30077 
928, 4709, 1, 7600, 344, 703, 4976, 30 
929, 4709, 1, 3800, 320, 647, 3540, 11 
930, 4709, 7, 26600, 428, 732, 11666, 87 
931, 4709, 77, 292600, 76476, 159579, 288089, 1676 
932, 4709, 1, 0, 351, 719, 3384, 3 
933, 4709, 1, 3800, 352, 719, 3086, 0 
934, 4709, 1, 3800, 347, 719, 2526, 0 
935, 4709, 14, 53200, 924, 1755, 25150, 420 
936, 4709, 1, 0, 349, 718, 3015, 2 
937, 4709, 1, 3800, 343, 718, 4768, 0 
938, 4709, 1, 3800, 350, 718, 3041, 1 
939, 4709, 6, 22800, 2030, 4372, 20888, 97 
940, 4709, 0, 3800, 346, 704, 2629, 5 
1, 4849, 2910, 11054200, 1012831, 2457354, 5705698, 31660 
941, 4709, 1, 7600, 342, 704, 5461, 31 
942, 4709, 1, 3800, 366, 645, 5047, 45 
943, 4709, 0, 3800, 344, 704, 2611, 5 
1, 4850, 2826, 10742600, 1014996, 2468369, 5463057, 27983 
944, 4709, 5, 19000, 348, 704, 19074, 33 
945, 4709, 7, 30400, 1176, 2040, 28856, 243 
946, 4709, 1, 3800, 345, 704, 2849, 3 
1, 4851, 2917, 11088400, 1010299, 2454757, 5567320, 29000 
947, 4709, 1, 7600, 344, 703, 5471, 32 
948, 4709, 1, 3800, 323, 647, 3828, 16 
949, 4709, 6, 22800, 421, 732, 11620, 90 
950, 4709, 72, 273600, 76345, 159393, 268103, 1440 
951, 4709, 1, 3800, 350, 719, 3570, 2 
952, 4709, 1, 3800, 351, 719, 3469, 6 
953, 4709, 1, 3800, 346, 719, 2981, 0 
954, 4709, 10, 38000, 458, 926, 19671, 283 
955, 4709, 2, 7600, 408, 718, 11073, 65 
956, 4709, 1, 3800, 349, 718, 2949, 2 
957, 4709, 0, 3800, 349, 718, 3404, 8 
958, 4709, 10, 34200, 2267, 4368, 35342, 332 
959, 4709, 1, 3800, 345, 704, 2719, 4 
1, 4852, 3000, 11403800, 1013419, 2458950, 5798706, 32938 
960, 4709, 2, 3800, 339, 704, 5172, 34 
961, 4709, 1, 7600, 368, 645, 4556, 44 
962, 4709, 1, 3800, 337, 704, 3193, 3 
1, 4853, 2903, 11035200, 1017492, 2470437, 5582356, 30458 
963, 4709, 1, 3800, 346, 704, 4991, 35 
964, 4709, 7, 26600, 1173, 2040, 26801, 231 
965, 4709, 1, 0, 342, 704, 2811, 6 
1, 4854, 2983, 11335400, 1013099, 2460771, 5338919, 27725 
966, 4709, 1, 3800, 347, 703, 4866, 29 
967, 4709, 1, 3800, 320, 647, 3366, 13 
968, 4709, 4, 11400, 371, 732, 5128, 21 
969, 4709, 69, 266000, 76351, 159480, 261106, 1378 
970, 4709, 0, 3800, 349, 719, 3204, 5 
971, 4709, 1, 3800, 352, 719, 3176, 1 
972, 4709, 1, 0, 349, 719, 3072, 0 
973, 4709, 13, 45600, 767, 1507, 24478, 378 
974, 4709, 1, 3800, 355, 718, 4432, 31 
975, 4709, 1, 0, 351, 718, 3157, 2 
976, 4709, 1, 3800, 350, 718, 3508, 0 
977, 4709, 8, 30400, 2166, 4364, 28332, 234 
978, 4709, 1, 3800, 345, 704, 2735, 1 
1, 4855, 3019, 11476000, 1015570, 2467274, 5452755, 30712 
979, 4709, 1, 7600, 342, 704, 4924, 32 
980, 4709, 2, 7600, 366, 645, 5172, 43 
981, 4709, 0, 3800, 354, 704, 2740, 5 
1, 4856, 2669, 10142200, 1017289, 2472690, 5245983, 26909 
982, 4709, 2, 3800, 347, 704, 5278, 29 
983, 4709, 7, 30400, 1169, 2036, 27779, 255 
984, 4709, 1, 3800, 348, 704, 2650, 3 
1, 4857, 3003, 11411400, 1010764, 2450562, 5625731, 31819 
985, 4709, 3, 15200, 342, 703, 12247, 32 
986, 4709, 1, 3800, 324, 647, 3586, 15 
987, 4709, 3, 11400, 371, 732, 4920, 12 
988, 4709, 99, 376200, 117580, 245758, 371277, 1566 
989, 4709, 1, 3800, 348, 719, 3236, 2 
990, 4709, 1, 0, 351, 719, 3027, 2 
991, 4709, 1, 3800, 347, 719, 2681, 1 
992, 4709, 15, 57000, 928, 1759, 26065, 423 
993, 4709, 1, 3800, 351, 718, 3470, 5 
994, 4709, 1, 3800, 348, 718, 3351, 0 
995, 4709, 1, 3800, 350, 718, 3039, 2 
996, 4709, 6, 22800, 2949, 6679, 20101, 31 
997, 4709, 0, 3800, 353, 719, 3388, 4 
998, 4709, 1, 3800, 349, 719, 3350, 0 
999, 4709, 1, 3800, 349, 719, 3035, 0 
1000, 4709, 10, 38000, 904, 1755, 16197, 40 
1001, 4709, 1, 0, 349, 718, 3258, 0 
1002, 4709, 1, 3800, 344, 718, 2938, 0 
1003, 4709, 1, 3800, 347, 718, 2854, 0 
1004, 4709, 6, 22800, 2029, 4358, 20190, 71 
1005, 4709, 1, 3800, 346, 704, 2877, 2 
1, 4858, 3345, 12707200, 1013287, 2456824, 5772779, 35676 
1006, 4709, 1, 3800, 345, 704, 5488, 32 
1007, 4709, 1, 7600, 367, 645, 4579, 44 
1008, 4709, 0, 3800, 346, 704, 2654, 4 
1, 4859, 2846, 10814800, 1017180, 2471178, 5565063, 27887 
1009, 4709, 1, 3800, 345, 704, 4889, 31 
1010, 4709, 7, 26600, 1166, 2041, 27197, 241 
1011, 4709, 1, 3800, 346, 704, 2742, 6 
1, 4860, 2868, 10898400, 1011088, 2457011, 5344216, 30377 
1012, 4709, 1, 3800, 340, 703, 4800, 30 
1013, 4709, 1, 3800, 321, 647, 3494, 15 
1014, 4709, 3, 11400, 374, 732, 5919, 25 
1015, 4709, 69, 262200, 76265, 159497, 259702, 1337 
1016, 4709, 1, 3800, 345, 719, 2652, 0 
1017, 4709, 1, 3800, 349, 719, 2493, 0 
1018, 4709, 1, 0, 349, 719, 2612, 1 
1019, 4709, 11, 45600, 457, 926, 20560, 287 
1020, 4709, 1, 3800, 349, 718, 3429, 4 
1021, 4709, 1, 0, 348, 718, 3356, 1 
1022, 4709, 1, 3800, 348, 718, 2990, 0 
1023, 4709, 6, 22800, 2040, 4360, 20397, 92 
1024, 4709, 1, 3800, 347, 704, 2738, 2 
1, 4861, 2886, 10970600, 1013591, 2458539, 5581917, 32204 
1025, 4709, 1, 3800, 341, 704, 5357, 31 
1026, 4709, 2, 3800, 367, 645, 5340, 45 
1027, 4709, 1, 3800, 346, 704, 2760, 7 
1, 4862, 2764, 10499400, 1015322, 2468441, 5250105, 27142 
1028, 4709, 2, 7600, 344, 704, 5557, 31 
1029, 4709, 7, 30400, 1180, 2040, 26028, 238 
1030, 4709, 1, 3800, 346, 704, 2614, 2 
1, 4863, 2805, 10662800, 1012447, 2453485, 5451119, 31610 
1031, 4709, 1, 3800, 348, 703, 4838, 30 
1032, 4709, 1, 3800, 321, 647, 3432, 15 
1033, 4709, 7, 26600, 419, 732, 11979, 90 
1034, 4709, 77, 292600, 76471, 159456, 287598, 1720 
1035, 4709, 1, 3800, 351, 719, 3332, 1 
1036, 4709, 0, 3800, 348, 719, 3232, 6 
1037, 4709, 1, 3800, 349, 719, 2938, 5 
1038, 4709, 13, 49400, 786, 1507, 24140, 388 
1039, 4709, 0, 3800, 353, 718, 2959, 0 
1040, 4709, 1, 3800, 348, 718, 3364, 0 
1041, 4709, 1, 3800, 351, 718, 3397, 1 
1042, 4709, 6, 19000, 2024, 4356, 20766, 87 
1043, 4709, 1, 0, 347, 704, 2961, 3 
1, 4864, 2899, 11016200, 1015472, 2458447, 5588414, 33662 
1044, 4709, 1, 7600, 345, 704, 5193, 33 
1045, 4709, 2, 7600, 365, 645, 5784, 44 
1046, 4709, 1, 0, 344, 704, 2667, 9 
1, 4865, 3150, 11966200, 1019171, 2467794, 5849123, 31830 
1047, 4709, 1, 3800, 345, 704, 5511, 42 
1048, 4709, 7, 26600, 1161, 2040, 26762, 236 
1049, 4709, 1, 3800, 348, 704, 2749, 4 
1, 4866, 2899, 11020000, 1012825, 2450601, 5761977, 30971 
1050, 4709, 2, 3800, 344, 703, 5315, 35 
1051, 4709, 1, 3800, 320, 647, 3224, 17 
1052, 4709, 6, 19000, 419, 732, 8804, 60 
1053, 4709, 104, 395200, 117808, 245865, 391190, 1752 
1054, 4709, 1, 3800, 354, 719, 3664, 5 
1055, 4709, 1, 3800, 351, 719, 3091, 3 
1056, 4709, 1, 3800, 359, 719, 3028, 2 
1057, 4709, 12, 41800, 468, 930, 19609, 284 
1058, 4709, 1, 3800, 350, 718, 3259, 0 
1059, 4709, 1, 0, 355, 718, 3185, 1 
1060, 4709, 1, 3800, 347, 718, 2981, 1 
1061, 4709, 5, 22800, 2963, 6675, 20148, 20 
1062, 4709, 1, 3800, 353, 719, 3207, 0 
1063, 4709, 0, 3800, 351, 719, 2718, 1 
1064, 4709, 1, 0, 350, 719, 2625, 0 
1065, 4709, 8, 30400, 455, 926, 12654, 7 
1066, 4709, 1, 0, 359, 718, 3064, 0 
1067, 4709, 1, 0, 355, 718, 3231, 0 
1068, 4709, 1, 3800, 352, 718, 3040, 1 
1069, 4709, 6, 19000, 2035, 4350, 20754, 96 
1070, 4709, 1, 3800, 344, 704, 2720, 6 
1, 4867, 2941, 11175800, 1012673, 2453008, 5775839, 33987 
1071, 4709, 1, 3800, 349, 704, 5169, 34 
1072, 4709, 2, 7600, 365, 645, 5366, 47 
1073, 4709, 1, 3800, 346, 704, 2751, 3 
1, 4868, 3030, 11517800, 1016338, 2467398, 5413195, 28874 
1074, 4709, 1, 3800, 349, 704, 5205, 31 
1075, 4709, 7, 26600, 1165, 2031, 25895, 239 
1076, 4709, 1, 3800, 342, 704, 2771, 4 
1, 4869, 2674, 10157400, 1012186, 2454369, 5423289, 29754 
1077, 4709, 1, 3800, 346, 703, 5115, 31 
1078, 4709, 1, 3800, 320, 647, 3569, 16 
1079, 4709, 9, 30400, 418, 732, 12511, 96 
1080, 4709, 79, 300200, 76532, 159656, 295474, 1736 
1081, 4709, 1, 3800, 351, 719, 3495, 9 
1082, 4709, 1, 3800, 351, 719, 3235, 6 
1083, 4709, 1, 3800, 349, 719, 3144, 0 
1084, 4709, 13, 53200, 789, 1507, 24591, 399 
1085, 4709, 1, 3800, 350, 718, 3273, 0 
1086, 4709, 1, 0, 350, 718, 3011, 1 
1087, 4709, 1, 3800, 352, 718, 3154, 1 
1088, 4709, 6, 22800, 2033, 4370, 22332, 101 
1089, 4709, 1, 3800, 339, 704, 3088, 4 
1, 4870, 3110, 11818000, 1013312, 2455277, 5688905, 33947 
1090, 4709, 2, 7600, 348, 704, 5126, 32 
1091, 4709, 1, 7600, 369, 645, 5144, 47 
1092, 4709, 1, 0, 343, 704, 2737, 6 
1, 4871, 2954, 11225200, 1018090, 2468933, 5673898, 32561 
1093, 4709, 2, 3800, 345, 704, 5101, 33 
1094, 4709, 7, 26600, 1180, 2047, 28059, 248 
1095, 4709, 0, 3800, 344, 704, 2800, 5 
1, 4872, 2872, 10913600, 1010030, 2452857, 5681932, 30487 
1096, 4709, 1, 7600, 350, 703, 5951, 35 
1097, 4709, 1, 3800, 318, 647, 3558, 16 
1098, 4709, 7, 26600, 439, 732, 11441, 74 
1099, 4709, 107, 402800, 117843, 245888, 400072, 1999 
1100, 4709, 1, 0, 347, 719, 2933, 3 
1101, 4709, 1, 3800, 350, 719, 3528, 11 
1102, 4709, 1, 3800, 349, 719, 3158, 6 
1103, 4709, 13, 49400, 781, 1511, 23143, 388 
1104, 4709, 1, 3800, 354, 718, 2921, 0 
1105, 4709, 1, 3800, 349, 718, 2949, 0 
1106, 4709, 1, 0, 346, 718, 3166, 0 
1107, 4709, 6, 19000, 2973, 6735, 19687, 16 
1108, 4709, 1, 3800, 347, 719, 2720, 0 
1109, 4709, 1, 0, 349, 719, 3396, 0 
1110, 4709, 1, 3800, 349, 719, 2794, 0 
1111, 4709, 10, 34200, 769, 1507, 13438, 5 
1112, 4709, 1, 3800, 348, 718, 2962, 0 
1113, 4709, 1, 3800, 346, 718, 2838, 0 
1114, 4709, 1, 3800, 349, 718, 3205, 0 
1115, 4709, 6, 22800, 2032, 4366, 22729, 103 
1116, 4709, 1, 3800, 347, 704, 2909, 3 
1, 4873, 3154, 11985200, 1013691, 2457646, 5879703, 33790 
1117, 4709, 2, 3800, 346, 704, 5813, 34 
1118, 4709, 2, 7600, 366, 645, 7857, 45 
1119, 4709, 1, 0, 343, 704, 2704, 3 
1, 4874, 3010, 11438000, 1017181, 2471477, 5552740, 29394 
1120, 4709, 2, 3800, 344, 704, 5418, 31 
1121, 4709, 7, 26600, 1163, 2043, 27091, 235 
1122, 4709, 1, 0, 340, 704, 2812, 3 
1, 4875, 2717, 10328400, 1010844, 2452966, 5404631, 29617 
1123, 4709, 2, 3800, 346, 703, 5157, 33 
1124, 4709, 1, 3800, 320, 647, 3530, 15 
1125, 4709, 9, 34200, 436, 732, 12156, 109 
1126, 4709, 105, 399000, 115800, 242560, 394966, 1910 
